combo_key,members_names,members_families,members_run_dirs,n_models,acc_Luke,acc_Marco,acc_Falah,avg_acc,min_acc,std_acc
~/Alzheimers/Results/ArchSweep/DenseNet161/5e45b5ea33||~/Alzheimers/Results/ArchSweep/ResNet50/bc9b7fdcd4,ResNet50 + DenseNet161,ResNet + DenseNet,~/Alzheimers/Results/ArchSweep/ResNet50/bc9b7fdcd4 | ~/Alzheimers/Results/ArchSweep/DenseNet161/5e45b5ea33,2,0.9913995308835029,0.9791666666666666,0.990625,0.9870637325167232,0.9791666666666666,0.005593014172606853
~/Alzheimers/Results/ArchSweep/DenseNet161/5e45b5ea33||~/Alzheimers/Results/ArchSweep/ResNeXt101_32x8d/577e0db115,DenseNet161 + ResNeXt101_32x8d,DenseNet + ResNeXt,~/Alzheimers/Results/ArchSweep/DenseNet161/5e45b5ea33 | ~/Alzheimers/Results/ArchSweep/ResNeXt101_32x8d/577e0db115,2,0.9921813917122752,0.9758333333333332,0.99140625,0.9864736583485362,0.9758333333333332,0.007530497924678994
~/Alzheimers/Results/ArchSweep/DenseNet161/5e45b5ea33||~/Alzheimers/Results/ArchSweep/VGG16/86e629fd03,DenseNet161 + VGG16,DenseNet + VGG,~/Alzheimers/Results/ArchSweep/DenseNet161/5e45b5ea33 | ~/Alzheimers/Results/ArchSweep/VGG16/86e629fd03,2,0.9913995308835029,0.9758333333333332,0.9921875,0.9864734547389453,0.9758333333333332,0.007530575961893068
~/Alzheimers/Results/ArchSweep/DenseNet161/5e45b5ea33||~/Alzheimers/Results/ArchSweep/VGG16/438cb55e58,DenseNet161 + VGG16,DenseNet + VGG,~/Alzheimers/Results/ArchSweep/DenseNet161/5e45b5ea33 | ~/Alzheimers/Results/ArchSweep/VGG16/438cb55e58,2,0.9921813917122752,0.9675,0.98671875,0.9821333805707585,0.9675,0.010584957370900094
~/Alzheimers/Results/ArchSweep/DenseNet161/5e45b5ea33||~/Alzheimers/Results/ArchSweep/VGG16/90df091f5f,DenseNet161 + VGG16,DenseNet + VGG,~/Alzheimers/Results/ArchSweep/DenseNet161/5e45b5ea33 | ~/Alzheimers/Results/ArchSweep/VGG16/90df091f5f,2,0.9937451133698202,0.9625,0.9921875,0.9828108711232734,0.9625,0.01437602527803672
~/Alzheimers/Results/ArchSweep/ResNet50/bc9b7fdcd4||~/Alzheimers/Results/ArchSweep/VGG16/90df091f5f,ResNet50 + VGG16,ResNet + VGG,~/Alzheimers/Results/ArchSweep/ResNet50/bc9b7fdcd4 | ~/Alzheimers/Results/ArchSweep/VGG16/90df091f5f,2,0.9913995308835029,0.9608333333333332,0.9921875,0.9814734547389454,0.9608333333333332,0.014598314573058196
~/Alzheimers/Results/ArchSweep/DenseNet201/c831e5b896||~/Alzheimers/Results/ArchSweep/ResNeXt101_32x8d/577e0db115,DenseNet201 + ResNeXt101_32x8d,DenseNet + ResNeXt,~/Alzheimers/Results/ArchSweep/DenseNet201/c831e5b896 | ~/Alzheimers/Results/ArchSweep/ResNeXt101_32x8d/577e0db115,2,0.9898358092259578,0.9591666666666666,0.996875,0.9819591586308748,0.9591666666666666,0.016370925837028094
~/Alzheimers/Results/ArchSweep/ResNeXt101_32x8d/577e0db115||~/Alzheimers/Results/ArchSweep/VGG16/90df091f5f,ResNeXt101_32x8d + VGG16,ResNeXt + VGG,~/Alzheimers/Results/ArchSweep/ResNeXt101_32x8d/577e0db115 | ~/Alzheimers/Results/ArchSweep/VGG16/90df091f5f,2,0.9898358092259578,0.9591666666666666,0.99609375,0.9816987419642081,0.9591666666666666,0.016136114125224737
~/Alzheimers/Results/ArchSweep/DenseNet161/5e45b5ea33||~/Alzheimers/Results/ArchSweep/ResNet101/569dcf7f61,ResNet101 + DenseNet161,ResNet + DenseNet,~/Alzheimers/Results/ArchSweep/ResNet101/569dcf7f61 | ~/Alzheimers/Results/ArchSweep/DenseNet161/5e45b5ea33,2,0.9921813917122752,0.9591666666666666,0.98828125,0.979876436126314,0.9591666666666666,0.014730324496261953
~/Alzheimers/Results/ArchSweep/DenseNet201/6cc31bb89f||~/Alzheimers/Results/ArchSweep/ResNet50/bc9b7fdcd4,ResNet50 + DenseNet201,ResNet + DenseNet,~/Alzheimers/Results/ArchSweep/ResNet50/bc9b7fdcd4 | ~/Alzheimers/Results/ArchSweep/DenseNet201/6cc31bb89f,2,0.9929632525410476,0.9575,0.9921875,0.9808835841803493,0.9575,0.01653772364103441
~/Alzheimers/Results/ArchSweep/DenseNet201/c831e5b896||~/Alzheimers/Results/ArchSweep/VGG16/86e629fd03,DenseNet201 + VGG16,DenseNet + VGG,~/Alzheimers/Results/ArchSweep/DenseNet201/c831e5b896 | ~/Alzheimers/Results/ArchSweep/VGG16/86e629fd03,2,0.9890539483971852,0.9575,0.99140625,0.9793200661323951,0.9575,0.015458973558513342
~/Alzheimers/Results/ArchSweep/DenseNet161/5e45b5ea33||~/Alzheimers/Results/ArchSweep/ResNeXt50_32x4d/7e84631050,DenseNet161 + ResNeXt50_32x4d,DenseNet + ResNeXt,~/Alzheimers/Results/ArchSweep/DenseNet161/5e45b5ea33 | ~/Alzheimers/Results/ArchSweep/ResNeXt50_32x4d/7e84631050,2,0.9906176700547302,0.9566666666666668,0.9921875,0.979823945573799,0.9566666666666668,0.01638720570651181
~/Alzheimers/Results/ArchSweep/DenseNet161/5e45b5ea33||~/Alzheimers/Results/ArchSweep/InceptionV3/18907e7972,DenseNet161 + InceptionV3,DenseNet + Inception,~/Alzheimers/Results/ArchSweep/DenseNet161/5e45b5ea33 | ~/Alzheimers/Results/ArchSweep/InceptionV3/18907e7972,2,0.9890539483971852,0.9558333333333332,0.99453125,0.9798061772435062,0.9558333333333332,0.017098209303280574
~/Alzheimers/Results/ArchSweep/DenseNet161/5e45b5ea33||~/Alzheimers/Results/ArchSweep/ResNeXt101_32x8d/3267f67289,DenseNet161 + ResNeXt101_32x8d,DenseNet + ResNeXt,~/Alzheimers/Results/ArchSweep/DenseNet161/5e45b5ea33 | ~/Alzheimers/Results/ArchSweep/ResNeXt101_32x8d/3267f67289,2,0.9906176700547302,0.9558333333333332,0.99140625,0.9792857511293546,0.9558333333333332,0.01658648827493577
~/Alzheimers/Results/ArchSweep/ResNeXt101_32x8d/577e0db115||~/Alzheimers/Results/ArchSweep/ResNet50/bc9b7fdcd4,ResNet50 + ResNeXt101_32x8d,ResNet + ResNeXt,~/Alzheimers/Results/ArchSweep/ResNet50/bc9b7fdcd4 | ~/Alzheimers/Results/ArchSweep/ResNeXt101_32x8d/577e0db115,2,0.9851446442533228,0.9558333333333332,0.99453125,0.9785030758622186,0.9558333333333332,0.016481606143523696
~/Alzheimers/Results/ArchSweep/DenseNet161/5e45b5ea33||~/Alzheimers/Results/ArchSweep/ResNet101/7e613879ca,ResNet101 + DenseNet161,ResNet + DenseNet,~/Alzheimers/Results/ArchSweep/ResNet101/7e613879ca | ~/Alzheimers/Results/ArchSweep/DenseNet161/5e45b5ea33,2,0.9913995308835029,0.955,0.98828125,0.9782269269611676,0.955,0.016473180647376857
~/Alzheimers/Results/ArchSweep/ResNeXt101_32x8d/577e0db115||~/Alzheimers/Results/ArchSweep/VGG16/86e629fd03,ResNeXt101_32x8d + VGG16,ResNeXt + VGG,~/Alzheimers/Results/ArchSweep/ResNeXt101_32x8d/577e0db115 | ~/Alzheimers/Results/ArchSweep/VGG16/86e629fd03,2,0.986708365910868,0.955,0.9921875,0.977965288636956,0.955,0.01639224591538528
~/Alzheimers/Results/ArchSweep/ResNeXt101_32x8d/577e0db115||~/Alzheimers/Results/ArchSweep/ResNet101/569dcf7f61,ResNet101 + ResNeXt101_32x8d,ResNet + ResNeXt,~/Alzheimers/Results/ArchSweep/ResNet101/569dcf7f61 | ~/Alzheimers/Results/ArchSweep/ResNeXt101_32x8d/577e0db115,2,0.9890539483971852,0.9541666666666668,0.990625,0.9779485383546174,0.9541666666666668,0.016828549482378313
~/Alzheimers/Results/ArchSweep/DenseNet201/6cc31bb89f||~/Alzheimers/Results/ArchSweep/ResNeXt101_32x8d/577e0db115,DenseNet201 + ResNeXt101_32x8d,DenseNet + ResNeXt,~/Alzheimers/Results/ArchSweep/DenseNet201/6cc31bb89f | ~/Alzheimers/Results/ArchSweep/ResNeXt101_32x8d/577e0db115,2,0.9921813917122752,0.9516666666666668,0.99375,0.9791993527929806,0.9516666666666668,0.01947907829762773
~/Alzheimers/Results/ArchSweep/DenseNet201/c831e5b896||~/Alzheimers/Results/ArchSweep/ResNet50/bc9b7fdcd4,ResNet50 + DenseNet201,ResNet + DenseNet,~/Alzheimers/Results/ArchSweep/ResNet50/bc9b7fdcd4 | ~/Alzheimers/Results/ArchSweep/DenseNet201/c831e5b896,2,0.9882720875684128,0.9508333333333332,0.99140625,0.9768372236339152,0.9508333333333332,0.018431991692171627
~/Alzheimers/Results/ArchSweep/ResNeXt50_32x4d/7e84631050||~/Alzheimers/Results/ArchSweep/ResNet50/bc9b7fdcd4,ResNet50 + ResNeXt50_32x4d,ResNet + ResNeXt,~/Alzheimers/Results/ArchSweep/ResNet50/bc9b7fdcd4 | ~/Alzheimers/Results/ArchSweep/ResNeXt50_32x4d/7e84631050,2,0.9851446442533228,0.9508333333333332,0.99296875,0.9763155758622185,0.9508333333333332,0.018299593272520214
~/Alzheimers/Results/ArchSweep/ResNet101/569dcf7f61||~/Alzheimers/Results/ArchSweep/VGG16/86e629fd03,ResNet101 + VGG16,ResNet + VGG,~/Alzheimers/Results/ArchSweep/ResNet101/569dcf7f61 | ~/Alzheimers/Results/ArchSweep/VGG16/86e629fd03,2,0.9851446442533228,0.9508333333333332,0.9828125,0.972930159195552,0.9508333333333332,0.01565379632535386
~/Alzheimers/Results/ArchSweep/DenseNet161/5e45b5ea33||~/Alzheimers/Results/ArchSweep/EffNetB0/2be00a0fdf,DenseNet161 + EffNetB0,DenseNet + EffNet,~/Alzheimers/Results/ArchSweep/DenseNet161/5e45b5ea33 | ~/Alzheimers/Results/ArchSweep/EffNetB0/2be00a0fdf,2,0.9874902267396404,0.95,0.9890625,0.9755175755798801,0.95,0.01805506408014996
~/Alzheimers/Results/ArchSweep/ResNeXt101_32x8d/577e0db115||~/Alzheimers/Results/ArchSweep/VGG16/438cb55e58,ResNeXt101_32x8d + VGG16,ResNeXt + VGG,~/Alzheimers/Results/ArchSweep/ResNeXt101_32x8d/577e0db115 | ~/Alzheimers/Results/ArchSweep/VGG16/438cb55e58,2,0.983580922595778,0.9491666666666668,0.9921875,0.9749783630874816,0.9491666666666668,0.01858675241032249
~/Alzheimers/Results/ArchSweep/InceptionV3/18907e7972||~/Alzheimers/Results/ArchSweep/ResNeXt101_32x8d/577e0db115,InceptionV3 + ResNeXt101_32x8d,Inception + ResNeXt,~/Alzheimers/Results/ArchSweep/InceptionV3/18907e7972 | ~/Alzheimers/Results/ArchSweep/ResNeXt101_32x8d/577e0db115,2,0.9781078967943706,0.9491666666666668,0.99296875,0.9734144378203459,0.9491666666666668,0.018187487345987907
~/Alzheimers/Results/ArchSweep/ResNeXt101_32x8d/3267f67289||~/Alzheimers/Results/ArchSweep/ResNet50/bc9b7fdcd4,ResNet50 + ResNeXt101_32x8d,ResNet + ResNeXt,~/Alzheimers/Results/ArchSweep/ResNet50/bc9b7fdcd4 | ~/Alzheimers/Results/ArchSweep/ResNeXt101_32x8d/3267f67289,2,0.9890539483971852,0.9475,0.9921875,0.9762471494657284,0.9475,0.02036751888367967
~/Alzheimers/Results/ArchSweep/DenseNet201/6cc31bb89f||~/Alzheimers/Results/ArchSweep/VGG16/86e629fd03,DenseNet201 + VGG16,DenseNet + VGG,~/Alzheimers/Results/ArchSweep/DenseNet201/6cc31bb89f | ~/Alzheimers/Results/ArchSweep/VGG16/86e629fd03,2,0.9913995308835029,0.9458333333333332,0.9890625,0.9754317880722786,0.9458333333333332,0.020951003484919514
~/Alzheimers/Results/ArchSweep/ResNeXt50_32x4d/7e84631050||~/Alzheimers/Results/ArchSweep/VGG16/86e629fd03,ResNeXt50_32x4d + VGG16,ResNeXt + VGG,~/Alzheimers/Results/ArchSweep/ResNeXt50_32x4d/7e84631050 | ~/Alzheimers/Results/ArchSweep/VGG16/86e629fd03,2,0.986708365910868,0.9458333333333332,0.99296875,0.975170149748067,0.9458333333333332,0.020901111617163844
~/Alzheimers/Results/ArchSweep/DenseNet201/c831e5b896||~/Alzheimers/Results/ArchSweep/VGG16/90df091f5f,DenseNet201 + VGG16,DenseNet + VGG,~/Alzheimers/Results/ArchSweep/DenseNet201/c831e5b896 | ~/Alzheimers/Results/ArchSweep/VGG16/90df091f5f,2,0.9913995308835029,0.945,0.99453125,0.9769769269611676,0.945,0.022647219248965143
~/Alzheimers/Results/ArchSweep/ResNeXt101_32x8d/3267f67289||~/Alzheimers/Results/ArchSweep/VGG16/86e629fd03,ResNeXt101_32x8d + VGG16,ResNeXt + VGG,~/Alzheimers/Results/ArchSweep/ResNeXt101_32x8d/3267f67289 | ~/Alzheimers/Results/ArchSweep/VGG16/86e629fd03,2,0.9906176700547302,0.9441666666666668,0.98828125,0.974355195573799,0.9441666666666668,0.021367813378234776
~/Alzheimers/Results/ArchSweep/ResNet101/7e613879ca||~/Alzheimers/Results/ArchSweep/VGG16/86e629fd03,ResNet101 + VGG16,ResNet + VGG,~/Alzheimers/Results/ArchSweep/ResNet101/7e613879ca | ~/Alzheimers/Results/ArchSweep/VGG16/86e629fd03,2,0.9882720875684128,0.9433333333333334,0.98359375,0.9717330569672488,0.9433333333333334,0.020172257144621238
~/Alzheimers/Results/ArchSweep/ResNeXt101_32x8d/577e0db115||~/Alzheimers/Results/ArchSweep/ResNet101/7e613879ca,ResNet101 + ResNeXt101_32x8d,ResNet + ResNeXt,~/Alzheimers/Results/ArchSweep/ResNet101/7e613879ca | ~/Alzheimers/Results/ArchSweep/ResNeXt101_32x8d/577e0db115,2,0.986708365910868,0.9425,0.99296875,0.974059038636956,0.9425,0.022461489888288413
~/Alzheimers/Results/ArchSweep/DenseNet161/5e45b5ea33||~/Alzheimers/Results/ArchSweep/EffNetB0/3ffb7bc9ec,DenseNet161 + EffNetB0,DenseNet + EffNet,~/Alzheimers/Results/ArchSweep/DenseNet161/5e45b5ea33 | ~/Alzheimers/Results/ArchSweep/EffNetB0/3ffb7bc9ec,2,0.9906176700547302,0.9416666666666668,0.9875,0.9732614455737991,0.9416666666666668,0.02237710894769425
~/Alzheimers/Results/ArchSweep/DenseNet201/c831e5b896||~/Alzheimers/Results/ArchSweep/VGG16/438cb55e58,DenseNet201 + VGG16,DenseNet + VGG,~/Alzheimers/Results/ArchSweep/DenseNet201/c831e5b896 | ~/Alzheimers/Results/ArchSweep/VGG16/438cb55e58,2,0.9874902267396404,0.9391666666666668,0.98984375,0.9721668811354357,0.9391666666666668,0.023354448315368426
~/Alzheimers/Results/ArchSweep/DenseNet161/5e45b5ea33||~/Alzheimers/Results/ArchSweep/EffNetB0/47c212dcbf,DenseNet161 + EffNetB0,DenseNet + EffNet,~/Alzheimers/Results/ArchSweep/DenseNet161/5e45b5ea33 | ~/Alzheimers/Results/ArchSweep/EffNetB0/47c212dcbf,2,0.9874902267396404,0.9391666666666668,0.9875,0.9713856311354357,0.9391666666666668,0.022782248608057408
~/Alzheimers/Results/ArchSweep/DenseNet201/c831e5b896||~/Alzheimers/Results/ArchSweep/ResNet101/569dcf7f61,ResNet101 + DenseNet201,ResNet + DenseNet,~/Alzheimers/Results/ArchSweep/ResNet101/569dcf7f61 | ~/Alzheimers/Results/ArchSweep/DenseNet201/c831e5b896,2,0.9913995308835029,0.9358333333333332,0.98671875,0.9713172047389453,0.9358333333333332,0.025163548701343862
~/Alzheimers/Results/ArchSweep/ResNeXt101_32x8d/3267f67289||~/Alzheimers/Results/ArchSweep/VGG16/90df091f5f,ResNeXt101_32x8d + VGG16,ResNeXt + VGG,~/Alzheimers/Results/ArchSweep/ResNeXt101_32x8d/3267f67289 | ~/Alzheimers/Results/ArchSweep/VGG16/90df091f5f,2,0.9913995308835029,0.9333333333333332,0.99296875,0.9725672047389452,0.9333333333333332,0.02774993226734047
~/Alzheimers/Results/ArchSweep/ResNet101/569dcf7f61||~/Alzheimers/Results/ArchSweep/VGG16/90df091f5f,ResNet101 + VGG16,ResNet + VGG,~/Alzheimers/Results/ArchSweep/ResNet101/569dcf7f61 | ~/Alzheimers/Results/ArchSweep/VGG16/90df091f5f,2,0.9921813917122752,0.9333333333333332,0.9875,0.9710049083485361,0.9333333333333332,0.026706298011087003
~/Alzheimers/Results/ArchSweep/ResNet50/bc9b7fdcd4||~/Alzheimers/Results/ArchSweep/VGG16/86e629fd03,ResNet50 + VGG16,ResNet + VGG,~/Alzheimers/Results/ArchSweep/ResNet50/bc9b7fdcd4 | ~/Alzheimers/Results/ArchSweep/VGG16/86e629fd03,2,0.983580922595778,0.9333333333333332,0.9890625,0.9686589186430371,0.9333333333333332,0.025079003911831526
~/Alzheimers/Results/ArchSweep/DenseNet201/6cc31bb89f||~/Alzheimers/Results/ArchSweep/VGG16/90df091f5f,DenseNet201 + VGG16,DenseNet + VGG,~/Alzheimers/Results/ArchSweep/DenseNet201/6cc31bb89f | ~/Alzheimers/Results/ArchSweep/VGG16/90df091f5f,2,0.9898358092259578,0.9316666666666666,0.98984375,0.9704487419642082,0.9316666666666666,0.027423068622993405
~/Alzheimers/Results/ArchSweep/DenseNet201/c831e5b896||~/Alzheimers/Results/ArchSweep/ResNeXt101_32x8d/3267f67289,DenseNet201 + ResNeXt101_32x8d,DenseNet + ResNeXt,~/Alzheimers/Results/ArchSweep/DenseNet201/c831e5b896 | ~/Alzheimers/Results/ArchSweep/ResNeXt101_32x8d/3267f67289,2,0.9913995308835029,0.93,0.99375,0.971716510294501,0.93,0.029513630745022466
~/Alzheimers/Results/ArchSweep/DenseNet201/6cc31bb89f||~/Alzheimers/Results/ArchSweep/VGG16/438cb55e58,DenseNet201 + VGG16,DenseNet + VGG,~/Alzheimers/Results/ArchSweep/DenseNet201/6cc31bb89f | ~/Alzheimers/Results/ArchSweep/VGG16/438cb55e58,2,0.9890539483971852,0.93,0.98984375,0.969632566132395,0.93,0.028026311094183763
~/Alzheimers/Results/ArchSweep/ResNet50/bc9b7fdcd4||~/Alzheimers/Results/ArchSweep/VGG16/438cb55e58,ResNet50 + VGG16,ResNet + VGG,~/Alzheimers/Results/ArchSweep/ResNet50/bc9b7fdcd4 | ~/Alzheimers/Results/ArchSweep/VGG16/438cb55e58,2,0.9788897576231432,0.9291666666666668,0.9890625,0.9657063080966033,0.9291666666666668,0.026169068493646266
~/Alzheimers/Results/ArchSweep/InceptionV3/18907e7972||~/Alzheimers/Results/ArchSweep/VGG16/90df091f5f,InceptionV3 + VGG16,Inception + VGG,~/Alzheimers/Results/ArchSweep/InceptionV3/18907e7972 | ~/Alzheimers/Results/ArchSweep/VGG16/90df091f5f,2,0.9781078967943706,0.9291666666666668,0.98984375,0.9657061044870124,0.9291666666666668,0.026277752945361738
~/Alzheimers/Results/ArchSweep/DenseNet201/c831e5b896||~/Alzheimers/Results/ArchSweep/ResNet101/7e613879ca,ResNet101 + DenseNet201,ResNet + DenseNet,~/Alzheimers/Results/ArchSweep/ResNet101/7e613879ca | ~/Alzheimers/Results/ArchSweep/DenseNet201/c831e5b896,2,0.9921813917122752,0.9283333333333332,0.99140625,0.9706403250152027,0.9283333333333332,0.029917234386953432
~/Alzheimers/Results/ArchSweep/DenseNet201/c831e5b896||~/Alzheimers/Results/ArchSweep/ResNeXt50_32x4d/7e84631050,DenseNet201 + ResNeXt50_32x4d,DenseNet + ResNeXt,~/Alzheimers/Results/ArchSweep/DenseNet201/c831e5b896 | ~/Alzheimers/Results/ArchSweep/ResNeXt50_32x4d/7e84631050,2,0.9882720875684128,0.9266666666666666,0.99375,0.9695629180783598,0.9266666666666666,0.030414559781278286
~/Alzheimers/Results/ArchSweep/ResNet101/7e613879ca||~/Alzheimers/Results/ArchSweep/VGG16/90df091f5f,ResNet101 + VGG16,ResNet + VGG,~/Alzheimers/Results/ArchSweep/ResNet101/7e613879ca | ~/Alzheimers/Results/ArchSweep/VGG16/90df091f5f,2,0.9898358092259578,0.925,0.99140625,0.9687473530753193,0.925,0.030940693235916975
~/Alzheimers/Results/ArchSweep/ResNeXt101_32x8d/3267f67289||~/Alzheimers/Results/ArchSweep/VGG16/438cb55e58,ResNeXt101_32x8d + VGG16,ResNeXt + VGG,~/Alzheimers/Results/ArchSweep/ResNeXt101_32x8d/3267f67289 | ~/Alzheimers/Results/ArchSweep/VGG16/438cb55e58,2,0.9882720875684128,0.925,0.9859375,0.9664031958561377,0.925,0.029291990317091943
~/Alzheimers/Results/ArchSweep/ResNeXt50_32x4d/7e84631050||~/Alzheimers/Results/ArchSweep/VGG16/438cb55e58,ResNeXt50_32x4d + VGG16,ResNeXt + VGG,~/Alzheimers/Results/ArchSweep/ResNeXt50_32x4d/7e84631050 | ~/Alzheimers/Results/ArchSweep/VGG16/438cb55e58,2,0.9851446442533228,0.925,0.98828125,0.9661419647511077,0.925,0.029119930421031295
~/Alzheimers/Results/ArchSweep/ResNet101/569dcf7f61||~/Alzheimers/Results/ArchSweep/VGG16/438cb55e58,ResNet101 + VGG16,ResNet + VGG,~/Alzheimers/Results/ArchSweep/ResNet101/569dcf7f61 | ~/Alzheimers/Results/ArchSweep/VGG16/438cb55e58,2,0.9812353401094606,0.925,0.98828125,0.9648388633698203,0.925,0.02831680875964897
~/Alzheimers/Results/ArchSweep/DenseNet161/5e45b5ea33||~/Alzheimers/Results/ArchSweep/MobileNetV3_L/928704d880,DenseNet161 + MobileNetV3_L,DenseNet + MobileNetV3,~/Alzheimers/Results/ArchSweep/DenseNet161/5e45b5ea33 | ~/Alzheimers/Results/ArchSweep/MobileNetV3_L/928704d880,2,0.9937451133698202,0.9241666666666668,0.98515625,0.9676893433454957,0.9241666666666668,0.030974286997053586
~/Alzheimers/Results/ArchSweep/ResNet101/7e613879ca||~/Alzheimers/Results/ArchSweep/VGG16/438cb55e58,ResNet101 + VGG16,ResNet + VGG,~/Alzheimers/Results/ArchSweep/ResNet101/7e613879ca | ~/Alzheimers/Results/ArchSweep/VGG16/438cb55e58,2,0.9874902267396404,0.9216666666666666,0.98515625,0.9647710478021022,0.9216666666666666,0.03049429035799952
~/Alzheimers/Results/ArchSweep/DenseNet201/c831e5b896||~/Alzheimers/Results/ArchSweep/EffNetB0/2be00a0fdf,DenseNet201 + EffNetB0,DenseNet + EffNet,~/Alzheimers/Results/ArchSweep/DenseNet201/c831e5b896 | ~/Alzheimers/Results/ArchSweep/EffNetB0/2be00a0fdf,2,0.983580922595778,0.9166666666666666,0.99140625,0.9638846130874815,0.9166666666666666,0.03354062000415843
~/Alzheimers/Results/ArchSweep/EffNetB0/2be00a0fdf||~/Alzheimers/Results/ArchSweep/VGG16/90df091f5f,EffNetB0 + VGG16,EffNet + VGG,~/Alzheimers/Results/ArchSweep/EffNetB0/2be00a0fdf | ~/Alzheimers/Results/ArchSweep/VGG16/90df091f5f,2,0.9843627834245504,0.9166666666666666,0.98984375,0.9636244000304056,0.9166666666666666,0.0332794410073778
~/Alzheimers/Results/ArchSweep/DenseNet201/6cc31bb89f||~/Alzheimers/Results/ArchSweep/ResNet101/7e613879ca,ResNet101 + DenseNet201,ResNet + DenseNet,~/Alzheimers/Results/ArchSweep/ResNet101/7e613879ca | ~/Alzheimers/Results/ArchSweep/DenseNet201/6cc31bb89f,2,0.9937451133698202,0.9158333333333334,0.990625,0.9667344822343845,0.9158333333333334,0.03601508014193838
~/Alzheimers/Results/ArchSweep/ResNeXt50_32x4d/7e84631050||~/Alzheimers/Results/ArchSweep/VGG16/90df091f5f,ResNeXt50_32x4d + VGG16,ResNeXt + VGG,~/Alzheimers/Results/ArchSweep/ResNeXt50_32x4d/7e84631050 | ~/Alzheimers/Results/ArchSweep/VGG16/90df091f5f,2,0.9906176700547302,0.9133333333333332,0.9921875,0.9653795011293544,0.9133333333333332,0.03680777796610355
~/Alzheimers/Results/ArchSweep/EffNetB0/2be00a0fdf||~/Alzheimers/Results/ArchSweep/ResNeXt101_32x8d/577e0db115,ResNeXt101_32x8d + EffNetB0,ResNeXt + EffNet,~/Alzheimers/Results/ArchSweep/ResNeXt101_32x8d/577e0db115 | ~/Alzheimers/Results/ArchSweep/EffNetB0/2be00a0fdf,2,0.9827990617670056,0.9125,0.9953125,0.9635371872556685,0.9125,0.036448524399307534
~/Alzheimers/Results/ArchSweep/DenseNet201/6cc31bb89f||~/Alzheimers/Results/ArchSweep/EffNetB0/2be00a0fdf,DenseNet201 + EffNetB0,DenseNet + EffNet,~/Alzheimers/Results/ArchSweep/DenseNet201/6cc31bb89f | ~/Alzheimers/Results/ArchSweep/EffNetB0/2be00a0fdf,2,0.986708365910868,0.9125,0.98828125,0.9624965386369561,0.9125,0.035358722618772466
~/Alzheimers/Results/ArchSweep/DenseNet201/6cc31bb89f||~/Alzheimers/Results/ArchSweep/ResNeXt101_32x8d/3267f67289,DenseNet201 + ResNeXt101_32x8d,DenseNet + ResNeXt,~/Alzheimers/Results/ArchSweep/DenseNet201/6cc31bb89f | ~/Alzheimers/Results/ArchSweep/ResNeXt101_32x8d/3267f67289,2,0.9929632525410476,0.9116666666666666,0.98984375,0.9648245564025714,0.9116666666666666,0.03760987241764107
~/Alzheimers/Results/ArchSweep/EffNetB0/2be00a0fdf||~/Alzheimers/Results/ArchSweep/ResNet101/569dcf7f61,ResNet101 + EffNetB0,ResNet + EffNet,~/Alzheimers/Results/ArchSweep/ResNet101/569dcf7f61 | ~/Alzheimers/Results/ArchSweep/EffNetB0/2be00a0fdf,2,0.9859265050820952,0.9116666666666666,0.9859375,0.9611768905829207,0.9116666666666666,0.035009015357002564
~/Alzheimers/Results/ArchSweep/DenseNet201/6cc31bb89f||~/Alzheimers/Results/ArchSweep/ResNet101/569dcf7f61,ResNet101 + DenseNet201,ResNet + DenseNet,~/Alzheimers/Results/ArchSweep/ResNet101/569dcf7f61 | ~/Alzheimers/Results/ArchSweep/DenseNet201/6cc31bb89f,2,0.9937451133698202,0.9083333333333332,0.984375,0.9621511489010511,0.9083333333333332,0.038246722826942935
~/Alzheimers/Results/ArchSweep/InceptionV3/18907e7972||~/Alzheimers/Results/ArchSweep/ResNet101/7e613879ca,ResNet101 + InceptionV3,ResNet + Inception,~/Alzheimers/Results/ArchSweep/ResNet101/7e613879ca | ~/Alzheimers/Results/ArchSweep/InceptionV3/18907e7972,2,0.983580922595778,0.9066666666666666,0.9828125,0.9576866964208149,0.9066666666666666,0.03607797292353563
~/Alzheimers/Results/ArchSweep/DenseNet161/5e45b5ea33||~/Alzheimers/Results/ArchSweep/MobileNetV3_L/ee52aec0ed,DenseNet161 + MobileNetV3_L,DenseNet + MobileNetV3,~/Alzheimers/Results/ArchSweep/DenseNet161/5e45b5ea33 | ~/Alzheimers/Results/ArchSweep/MobileNetV3_L/ee52aec0ed,2,0.9921813917122752,0.9058333333333334,0.984375,0.9607965750152028,0.9058333333333334,0.0389953278400209
~/Alzheimers/Results/ArchSweep/ResNeXt101_32x8d/3267f67289||~/Alzheimers/Results/ArchSweep/ResNet101/569dcf7f61,ResNet101 + ResNeXt101_32x8d,ResNet + ResNeXt,~/Alzheimers/Results/ArchSweep/ResNet101/569dcf7f61 | ~/Alzheimers/Results/ArchSweep/ResNeXt101_32x8d/3267f67289,2,0.9898358092259578,0.905,0.98671875,0.9605181864086526,0.905,0.03927790541881406
~/Alzheimers/Results/ArchSweep/InceptionV3/18907e7972||~/Alzheimers/Results/ArchSweep/VGG16/438cb55e58,InceptionV3 + VGG16,Inception + VGG,~/Alzheimers/Results/ArchSweep/InceptionV3/18907e7972 | ~/Alzheimers/Results/ArchSweep/VGG16/438cb55e58,2,0.9632525410476936,0.905,0.97890625,0.9490529303492313,0.905,0.031798900979504933
~/Alzheimers/Results/ArchSweep/EffNetB0/2be00a0fdf||~/Alzheimers/Results/ArchSweep/ResNeXt101_32x8d/3267f67289,ResNeXt101_32x8d + EffNetB0,ResNeXt + EffNet,~/Alzheimers/Results/ArchSweep/ResNeXt101_32x8d/3267f67289 | ~/Alzheimers/Results/ArchSweep/EffNetB0/2be00a0fdf,2,0.9851446442533228,0.9041666666666668,0.9890625,0.9594579369733299,0.9041666666666668,0.039129535541210674
~/Alzheimers/Results/ArchSweep/MobileNetV3_L/996475d664||~/Alzheimers/Results/ArchSweep/ResNet50/bc9b7fdcd4,ResNet50 + MobileNetV3_L,ResNet + MobileNetV3,~/Alzheimers/Results/ArchSweep/ResNet50/bc9b7fdcd4 | ~/Alzheimers/Results/ArchSweep/MobileNetV3_L/996475d664,2,0.9937451133698202,0.9033333333333332,0.97734375,0.9581407322343845,0.9033333333333332,0.03932886480963174
~/Alzheimers/Results/ArchSweep/ResNeXt101_32x8d/3267f67289||~/Alzheimers/Results/ArchSweep/ResNet101/7e613879ca,ResNet101 + ResNeXt101_32x8d,ResNet + ResNeXt,~/Alzheimers/Results/ArchSweep/ResNet101/7e613879ca | ~/Alzheimers/Results/ArchSweep/ResNeXt101_32x8d/3267f67289,2,0.9921813917122752,0.9025,0.99296875,0.962550047237425,0.9025,0.04246301224344977
~/Alzheimers/Results/ArchSweep/EffNetB0/2be00a0fdf||~/Alzheimers/Results/ArchSweep/ResNeXt50_32x4d/7e84631050,ResNeXt50_32x4d + EffNetB0,ResNeXt + EffNet,~/Alzheimers/Results/ArchSweep/ResNeXt50_32x4d/7e84631050 | ~/Alzheimers/Results/ArchSweep/EffNetB0/2be00a0fdf,2,0.9843627834245504,0.9016666666666666,0.98984375,0.9586244000304056,0.9016666666666666,0.04033730937235316
~/Alzheimers/Results/ArchSweep/EffNetB0/3ffb7bc9ec||~/Alzheimers/Results/ArchSweep/VGG16/90df091f5f,EffNetB0 + VGG16,EffNet + VGG,~/Alzheimers/Results/ArchSweep/EffNetB0/3ffb7bc9ec | ~/Alzheimers/Results/ArchSweep/VGG16/90df091f5f,2,0.9890539483971852,0.9016666666666666,0.98359375,0.9581047883546173,0.9016666666666666,0.039969985625734235
~/Alzheimers/Results/ArchSweep/EffNetB0/47c212dcbf||~/Alzheimers/Results/ArchSweep/VGG16/90df091f5f,EffNetB0 + VGG16,EffNet + VGG,~/Alzheimers/Results/ArchSweep/EffNetB0/47c212dcbf | ~/Alzheimers/Results/ArchSweep/VGG16/90df091f5f,2,0.986708365910868,0.9016666666666666,0.9828125,0.9570625108591782,0.9016666666666666,0.039203053521799626
~/Alzheimers/Results/ArchSweep/DenseNet201/c831e5b896||~/Alzheimers/Results/ArchSweep/MobileNetV3_L/928704d880,DenseNet201 + MobileNetV3_L,DenseNet + MobileNetV3,~/Alzheimers/Results/ArchSweep/DenseNet201/c831e5b896 | ~/Alzheimers/Results/ArchSweep/MobileNetV3_L/928704d880,2,0.9937451133698202,0.8983333333333333,0.98828125,0.9601198989010511,0.8983333333333333,0.043746605309985205
~/Alzheimers/Results/ArchSweep/EffNetB0/2be00a0fdf||~/Alzheimers/Results/ArchSweep/ResNet50/bc9b7fdcd4,ResNet50 + EffNetB0,ResNet + EffNet,~/Alzheimers/Results/ArchSweep/ResNet50/bc9b7fdcd4 | ~/Alzheimers/Results/ArchSweep/EffNetB0/2be00a0fdf,2,0.9843627834245504,0.8983333333333333,0.99140625,0.958034122252628,0.8983333333333333,0.042312651800137324
~/Alzheimers/Results/ArchSweep/EffNetB0/2be00a0fdf||~/Alzheimers/Results/ArchSweep/VGG16/86e629fd03,EffNetB0 + VGG16,EffNet + VGG,~/Alzheimers/Results/ArchSweep/EffNetB0/2be00a0fdf | ~/Alzheimers/Results/ArchSweep/VGG16/86e629fd03,2,0.9812353401094606,0.8983333333333333,0.98828125,0.9559499744809313,0.8983333333333333,0.04084253676740065
~/Alzheimers/Results/ArchSweep/MobileNetV3_L/928704d880||~/Alzheimers/Results/ArchSweep/ResNeXt101_32x8d/577e0db115,ResNeXt101_32x8d + MobileNetV3_L,ResNeXt + MobileNetV3,~/Alzheimers/Results/ArchSweep/ResNeXt101_32x8d/577e0db115 | ~/Alzheimers/Results/ArchSweep/MobileNetV3_L/928704d880,2,0.9898358092259578,0.8975,0.990625,0.9593202697419859,0.8975,0.04371471925067792
~/Alzheimers/Results/ArchSweep/MobileNetV3_L/928704d880||~/Alzheimers/Results/ArchSweep/VGG16/90df091f5f,MobileNetV3_L + VGG16,MobileNetV3 + VGG,~/Alzheimers/Results/ArchSweep/MobileNetV3_L/928704d880 | ~/Alzheimers/Results/ArchSweep/VGG16/90df091f5f,2,0.9913995308835029,0.8975,0.9828125,0.9572373436278343,0.8975,0.04238590129300878
~/Alzheimers/Results/ArchSweep/EffNetB0/47c212dcbf||~/Alzheimers/Results/ArchSweep/ResNeXt101_32x8d/577e0db115,ResNeXt101_32x8d + EffNetB0,ResNeXt + EffNet,~/Alzheimers/Results/ArchSweep/ResNeXt101_32x8d/577e0db115 | ~/Alzheimers/Results/ArchSweep/EffNetB0/47c212dcbf,2,0.982017200938233,0.8975,0.98984375,0.9564536503127443,0.8975,0.04180879796926375
~/Alzheimers/Results/ArchSweep/EffNetB0/3ffb7bc9ec||~/Alzheimers/Results/ArchSweep/ResNeXt101_32x8d/577e0db115,ResNeXt101_32x8d + EffNetB0,ResNeXt + EffNet,~/Alzheimers/Results/ArchSweep/ResNeXt101_32x8d/577e0db115 | ~/Alzheimers/Results/ArchSweep/EffNetB0/3ffb7bc9ec,2,0.9851446442533228,0.8958333333333334,0.98671875,0.9558989091955521,0.8958333333333334,0.04247763729281869
~/Alzheimers/Results/ArchSweep/MobileNetV3_L/928704d880||~/Alzheimers/Results/ArchSweep/ResNet50/bc9b7fdcd4,ResNet50 + MobileNetV3_L,ResNet + MobileNetV3,~/Alzheimers/Results/ArchSweep/ResNet50/bc9b7fdcd4 | ~/Alzheimers/Results/ArchSweep/MobileNetV3_L/928704d880,2,0.9921813917122752,0.8941666666666667,0.9859375,0.9574285194596474,0.8941666666666667,0.04480545398370766
~/Alzheimers/Results/ArchSweep/MobileNetV3_L/928704d880||~/Alzheimers/Results/ArchSweep/VGG16/86e629fd03,MobileNetV3_L + VGG16,MobileNetV3 + VGG,~/Alzheimers/Results/ArchSweep/MobileNetV3_L/928704d880 | ~/Alzheimers/Results/ArchSweep/VGG16/86e629fd03,2,0.9913995308835029,0.8941666666666667,0.98359375,0.9563866491833899,0.8941666666666667,0.044111428769169854
~/Alzheimers/Results/ArchSweep/InceptionV3/18907e7972||~/Alzheimers/Results/ArchSweep/ResNeXt101_32x8d/3267f67289,InceptionV3 + ResNeXt101_32x8d,Inception + ResNeXt,~/Alzheimers/Results/ArchSweep/InceptionV3/18907e7972 | ~/Alzheimers/Results/ArchSweep/ResNeXt101_32x8d/3267f67289,2,0.9812353401094606,0.8925,0.9890625,0.9542659467031536,0.8925,0.0437918579729963
~/Alzheimers/Results/ArchSweep/DenseNet161/5e45b5ea33||~/Alzheimers/Results/ArchSweep/MobileNetV3_L/996475d664,DenseNet161 + MobileNetV3_L,DenseNet + MobileNetV3,~/Alzheimers/Results/ArchSweep/DenseNet161/5e45b5ea33 | ~/Alzheimers/Results/ArchSweep/MobileNetV3_L/996475d664,2,0.9945269741985928,0.8925,0.97265625,0.9532277413995308,0.8925,0.04385944273744601
~/Alzheimers/Results/ArchSweep/MobileNetV3_L/928704d880||~/Alzheimers/Results/ArchSweep/VGG16/438cb55e58,MobileNetV3_L + VGG16,MobileNetV3 + VGG,~/Alzheimers/Results/ArchSweep/MobileNetV3_L/928704d880 | ~/Alzheimers/Results/ArchSweep/VGG16/438cb55e58,2,0.9890539483971852,0.89,0.98359375,0.9542158994657285,0.89,0.04546218025112419
~/Alzheimers/Results/ArchSweep/EffNetB0/2be00a0fdf||~/Alzheimers/Results/ArchSweep/VGG16/438cb55e58,EffNetB0 + VGG16,EffNet + VGG,~/Alzheimers/Results/ArchSweep/EffNetB0/2be00a0fdf | ~/Alzheimers/Results/ArchSweep/VGG16/438cb55e58,2,0.9796716184519156,0.89,0.9828125,0.950828039483972,0.89,0.04303102814499094
~/Alzheimers/Results/ArchSweep/InceptionV3/18907e7972||~/Alzheimers/Results/ArchSweep/VGG16/86e629fd03,InceptionV3 + VGG16,Inception + VGG,~/Alzheimers/Results/ArchSweep/InceptionV3/18907e7972 | ~/Alzheimers/Results/ArchSweep/VGG16/86e629fd03,2,0.970289288506646,0.89,0.98125,0.9471797628355487,0.89,0.040679054869038174
~/Alzheimers/Results/ArchSweep/InceptionV3/18907e7972||~/Alzheimers/Results/ArchSweep/ResNet101/569dcf7f61,ResNet101 + InceptionV3,ResNet + Inception,~/Alzheimers/Results/ArchSweep/ResNet101/569dcf7f61 | ~/Alzheimers/Results/ArchSweep/InceptionV3/18907e7972,2,0.9788897576231432,0.8883333333333333,0.9734375,0.9468868636521588,0.8883333333333333,0.04146338716583178
~/Alzheimers/Results/ArchSweep/ResNeXt50_32x4d/7e84631050||~/Alzheimers/Results/ArchSweep/ResNet101/7e613879ca,ResNet101 + ResNeXt50_32x4d,ResNet + ResNeXt,~/Alzheimers/Results/ArchSweep/ResNet101/7e613879ca | ~/Alzheimers/Results/ArchSweep/ResNeXt50_32x4d/7e84631050,2,0.9898358092259578,0.8875,0.99140625,0.9562473530753192,0.8875,0.048615947227243286
~/Alzheimers/Results/ArchSweep/EffNetB0/2be00a0fdf||~/Alzheimers/Results/ArchSweep/ResNet101/7e613879ca,ResNet101 + EffNetB0,ResNet + EffNet,~/Alzheimers/Results/ArchSweep/ResNet101/7e613879ca | ~/Alzheimers/Results/ArchSweep/EffNetB0/2be00a0fdf,2,0.986708365910868,0.8875,0.9875,0.953902788636956,0.8875,0.0469549743563339
~/Alzheimers/Results/ArchSweep/DenseNet201/6cc31bb89f||~/Alzheimers/Results/ArchSweep/EffNetB0/3ffb7bc9ec,DenseNet201 + EffNetB0,DenseNet + EffNet,~/Alzheimers/Results/ArchSweep/DenseNet201/6cc31bb89f | ~/Alzheimers/Results/ArchSweep/EffNetB0/3ffb7bc9ec,2,0.9913995308835029,0.8866666666666667,0.9828125,0.9536262325167232,0.8866666666666667,0.04747716552175087
~/Alzheimers/Results/ArchSweep/ResNeXt50_32x4d/7e84631050||~/Alzheimers/Results/ArchSweep/ResNet101/569dcf7f61,ResNet101 + ResNeXt50_32x4d,ResNet + ResNeXt,~/Alzheimers/Results/ArchSweep/ResNet101/569dcf7f61 | ~/Alzheimers/Results/ArchSweep/ResNeXt50_32x4d/7e84631050,2,0.9898358092259578,0.8858333333333334,0.98984375,0.9551709641864304,0.8858333333333334,0.04902910907480874
~/Alzheimers/Results/ArchSweep/DenseNet201/c831e5b896||~/Alzheimers/Results/ArchSweep/EffNetB0/3ffb7bc9ec,DenseNet201 + EffNetB0,DenseNet + EffNet,~/Alzheimers/Results/ArchSweep/DenseNet201/c831e5b896 | ~/Alzheimers/Results/ArchSweep/EffNetB0/3ffb7bc9ec,2,0.9874902267396404,0.8858333333333334,0.98515625,0.952826603357658,0.8858333333333334,0.04738097742955036
~/Alzheimers/Results/ArchSweep/DenseNet201/6cc31bb89f||~/Alzheimers/Results/ArchSweep/ResNeXt50_32x4d/7e84631050,DenseNet201 + ResNeXt50_32x4d,DenseNet + ResNeXt,~/Alzheimers/Results/ArchSweep/DenseNet201/6cc31bb89f | ~/Alzheimers/Results/ArchSweep/ResNeXt50_32x4d/7e84631050,2,0.9913995308835029,0.885,0.9921875,0.9561956769611676,0.885,0.05034397373603146
~/Alzheimers/Results/ArchSweep/EffNetB0/3ffb7bc9ec||~/Alzheimers/Results/ArchSweep/VGG16/86e629fd03,EffNetB0 + VGG16,EffNet + VGG,~/Alzheimers/Results/ArchSweep/EffNetB0/3ffb7bc9ec | ~/Alzheimers/Results/ArchSweep/VGG16/86e629fd03,2,0.982017200938233,0.8816666666666667,0.9828125,0.9488321225349665,0.8816666666666667,0.04749425910322785
~/Alzheimers/Results/ArchSweep/DenseNet201/6cc31bb89f||~/Alzheimers/Results/ArchSweep/EffNetB0/47c212dcbf,DenseNet201 + EffNetB0,DenseNet + EffNet,~/Alzheimers/Results/ArchSweep/DenseNet201/6cc31bb89f | ~/Alzheimers/Results/ArchSweep/EffNetB0/47c212dcbf,2,0.9906176700547302,0.8808333333333334,0.98203125,0.9511607511293545,0.8808333333333334,0.04985238825928106
~/Alzheimers/Results/ArchSweep/MobileNetV3_L/ee52aec0ed||~/Alzheimers/Results/ArchSweep/ResNet50/bc9b7fdcd4,ResNet50 + MobileNetV3_L,ResNet + MobileNetV3,~/Alzheimers/Results/ArchSweep/ResNet50/bc9b7fdcd4 | ~/Alzheimers/Results/ArchSweep/MobileNetV3_L/ee52aec0ed,2,0.9890539483971852,0.8808333333333334,0.9828125,0.9508999272435061,0.8808333333333334,0.04961004337936343
~/Alzheimers/Results/ArchSweep/DenseNet201/c831e5b896||~/Alzheimers/Results/ArchSweep/EffNetB0/47c212dcbf,DenseNet201 + EffNetB0,DenseNet + EffNet,~/Alzheimers/Results/ArchSweep/DenseNet201/c831e5b896 | ~/Alzheimers/Results/ArchSweep/EffNetB0/47c212dcbf,2,0.9874902267396404,0.88,0.98828125,0.9519238255798802,0.88,0.0508588500589843
~/Alzheimers/Results/ArchSweep/MobileNetV3_L/996475d664||~/Alzheimers/Results/ArchSweep/ResNeXt101_32x8d/577e0db115,ResNeXt101_32x8d + MobileNetV3_L,ResNeXt + MobileNetV3,~/Alzheimers/Results/ArchSweep/ResNeXt101_32x8d/577e0db115 | ~/Alzheimers/Results/ArchSweep/MobileNetV3_L/996475d664,2,0.9890539483971852,0.88,0.975,0.9480179827990618,0.88,0.048436988995517176
~/Alzheimers/Results/ArchSweep/MobileNetV3_L/ee52aec0ed||~/Alzheimers/Results/ArchSweep/ResNeXt101_32x8d/577e0db115,ResNeXt101_32x8d + MobileNetV3_L,ResNeXt + MobileNetV3,~/Alzheimers/Results/ArchSweep/ResNeXt101_32x8d/577e0db115 | ~/Alzheimers/Results/ArchSweep/MobileNetV3_L/ee52aec0ed,2,0.986708365910868,0.8791666666666667,0.98671875,0.9508645941925115,0.8791666666666667,0.050698090927787445
~/Alzheimers/Results/ArchSweep/DenseNet161/5e45b5ea33||~/Alzheimers/Results/ArchSweep/MobileNetV2/17b0b4e0be,DenseNet161 + MobileNetV2,DenseNet + MobileNetV2,~/Alzheimers/Results/ArchSweep/DenseNet161/5e45b5ea33 | ~/Alzheimers/Results/ArchSweep/MobileNetV2/17b0b4e0be,2,0.9898358092259578,0.8791666666666667,0.978125,0.9490424919642081,0.8791666666666667,0.04964043368022417
~/Alzheimers/Results/ArchSweep/InceptionV3/18907e7972||~/Alzheimers/Results/ArchSweep/ResNet50/bc9b7fdcd4,ResNet50 + InceptionV3,ResNet + Inception,~/Alzheimers/Results/ArchSweep/ResNet50/bc9b7fdcd4 | ~/Alzheimers/Results/ArchSweep/InceptionV3/18907e7972,2,0.9757623143080532,0.8783333333333333,0.9890625,0.9477193825471287,0.8783333333333333,0.04936288486967042
~/Alzheimers/Results/ArchSweep/EffNetB0/3ffb7bc9ec||~/Alzheimers/Results/ArchSweep/ResNet101/569dcf7f61,ResNet101 + EffNetB0,ResNet + EffNet,~/Alzheimers/Results/ArchSweep/ResNet101/569dcf7f61 | ~/Alzheimers/Results/ArchSweep/EffNetB0/3ffb7bc9ec,2,0.9859265050820952,0.8783333333333333,0.97109375,0.9451178628051428,0.8783333333333333,0.04761045185257542
~/Alzheimers/Results/ArchSweep/MobileNetV3_L/928704d880||~/Alzheimers/Results/ArchSweep/ResNet101/569dcf7f61,ResNet101 + MobileNetV3_L,ResNet + MobileNetV3,~/Alzheimers/Results/ArchSweep/ResNet101/569dcf7f61 | ~/Alzheimers/Results/ArchSweep/MobileNetV3_L/928704d880,2,0.9913995308835029,0.8775,0.97265625,0.9471852602945009,0.8775,0.04986551427793051
~/Alzheimers/Results/ArchSweep/MobileNetV3_L/996475d664||~/Alzheimers/Results/ArchSweep/VGG16/86e629fd03,MobileNetV3_L + VGG16,MobileNetV3 + VGG,~/Alzheimers/Results/ArchSweep/MobileNetV3_L/996475d664 | ~/Alzheimers/Results/ArchSweep/VGG16/86e629fd03,2,0.9882720875684128,0.8775,0.96796875,0.9445802791894709,0.8775,0.04815169966683253
~/Alzheimers/Results/ArchSweep/MobileNetV3_L/ee52aec0ed||~/Alzheimers/Results/ArchSweep/VGG16/90df091f5f,MobileNetV3_L + VGG16,MobileNetV3 + VGG,~/Alzheimers/Results/ArchSweep/MobileNetV3_L/ee52aec0ed | ~/Alzheimers/Results/ArchSweep/VGG16/90df091f5f,2,0.9937451133698202,0.8766666666666667,0.98359375,0.9513351766788288,0.8766666666666667,0.05296100663157008
~/Alzheimers/Results/ArchSweep/MobileNetV3_L/ee52aec0ed||~/Alzheimers/Results/ArchSweep/VGG16/86e629fd03,MobileNetV3_L + VGG16,MobileNetV3 + VGG,~/Alzheimers/Results/ArchSweep/MobileNetV3_L/ee52aec0ed | ~/Alzheimers/Results/ArchSweep/VGG16/86e629fd03,2,0.9851446442533228,0.8766666666666667,0.97890625,0.9469058536399966,0.8766666666666667,0.04973186055049458
~/Alzheimers/Results/ArchSweep/InceptionV3/18907e7972||~/Alzheimers/Results/ArchSweep/ResNeXt50_32x4d/7e84631050,InceptionV3 + ResNeXt50_32x4d,Inception + ResNeXt,~/Alzheimers/Results/ArchSweep/InceptionV3/18907e7972 | ~/Alzheimers/Results/ArchSweep/ResNeXt50_32x4d/7e84631050,2,0.9827990617670056,0.8758333333333334,0.99296875,0.9505337150334463,0.8758333333333334,0.0529840599255789
~/Alzheimers/Results/ArchSweep/DenseNet201/c831e5b896||~/Alzheimers/Results/ArchSweep/MobileNetV3_L/ee52aec0ed,DenseNet201 + MobileNetV3_L,DenseNet + MobileNetV3,~/Alzheimers/Results/ArchSweep/DenseNet201/c831e5b896 | ~/Alzheimers/Results/ArchSweep/MobileNetV3_L/ee52aec0ed,2,0.9913995308835029,0.8758333333333334,0.98203125,0.9497547047389454,0.8758333333333334,0.052410037426323094
~/Alzheimers/Results/ArchSweep/MobileNetV3_L/996475d664||~/Alzheimers/Results/ArchSweep/VGG16/438cb55e58,MobileNetV3_L + VGG16,MobileNetV3 + VGG,~/Alzheimers/Results/ArchSweep/MobileNetV3_L/996475d664 | ~/Alzheimers/Results/ArchSweep/VGG16/438cb55e58,2,0.9874902267396404,0.8758333333333334,0.9734375,0.9455870200243245,0.8758333333333334,0.049655831396010104
~/Alzheimers/Results/ArchSweep/EffNetB0/47c212dcbf||~/Alzheimers/Results/ArchSweep/VGG16/438cb55e58,EffNetB0 + VGG16,EffNet + VGG,~/Alzheimers/Results/ArchSweep/EffNetB0/47c212dcbf | ~/Alzheimers/Results/ArchSweep/VGG16/438cb55e58,2,0.9765441751368256,0.8758333333333334,0.9796875,0.944021669490053,0.8758333333333334,0.04823350850232102
~/Alzheimers/Results/ArchSweep/EffNetB0/47c212dcbf||~/Alzheimers/Results/ArchSweep/ResNeXt50_32x4d/7e84631050,ResNeXt50_32x4d + EffNetB0,ResNeXt + EffNet,~/Alzheimers/Results/ArchSweep/ResNeXt50_32x4d/7e84631050 | ~/Alzheimers/Results/ArchSweep/EffNetB0/47c212dcbf,2,0.9843627834245504,0.875,0.9859375,0.9484334278081835,0.875,0.05192925426525348
~/Alzheimers/Results/ArchSweep/EffNetB0/3ffb7bc9ec||~/Alzheimers/Results/ArchSweep/ResNet50/bc9b7fdcd4,ResNet50 + EffNetB0,ResNet + EffNet,~/Alzheimers/Results/ArchSweep/ResNet50/bc9b7fdcd4 | ~/Alzheimers/Results/ArchSweep/EffNetB0/3ffb7bc9ec,2,0.9859265050820952,0.8741666666666666,0.98671875,0.9489373072495874,0.8741666666666666,0.052871816265932015
~/Alzheimers/Results/ArchSweep/MobileNetV3_L/928704d880||~/Alzheimers/Results/ArchSweep/ResNet101/7e613879ca,ResNet101 + MobileNetV3_L,ResNet + MobileNetV3,~/Alzheimers/Results/ArchSweep/ResNet101/7e613879ca | ~/Alzheimers/Results/ArchSweep/MobileNetV3_L/928704d880,2,0.9921813917122752,0.8741666666666666,0.9796875,0.9486785194596473,0.8741666666666666,0.052934150838638665
~/Alzheimers/Results/ArchSweep/EffNetB0/3ffb7bc9ec||~/Alzheimers/Results/ArchSweep/VGG16/438cb55e58,EffNetB0 + VGG16,EffNet + VGG,~/Alzheimers/Results/ArchSweep/EffNetB0/3ffb7bc9ec | ~/Alzheimers/Results/ArchSweep/VGG16/438cb55e58,2,0.9796716184519156,0.8733333333333333,0.984375,0.9457933172617498,0.8733333333333333,0.051272912944207896
~/Alzheimers/Results/ArchSweep/DenseNet201/c831e5b896||~/Alzheimers/Results/ArchSweep/InceptionV3/18907e7972,DenseNet201 + InceptionV3,DenseNet + Inception,~/Alzheimers/Results/ArchSweep/DenseNet201/c831e5b896 | ~/Alzheimers/Results/ArchSweep/InceptionV3/18907e7972,2,0.9859265050820952,0.8725,0.9921875,0.9502046683606985,0.8725,0.05500491873838858
~/Alzheimers/Results/ArchSweep/EffNetB0/47c212dcbf||~/Alzheimers/Results/ArchSweep/ResNeXt101_32x8d/3267f67289,ResNeXt101_32x8d + EffNetB0,ResNeXt + EffNet,~/Alzheimers/Results/ArchSweep/ResNeXt101_32x8d/3267f67289 | ~/Alzheimers/Results/ArchSweep/EffNetB0/47c212dcbf,2,0.9859265050820952,0.8725,0.9796875,0.9460380016940318,0.8725,0.05206156333910307
~/Alzheimers/Results/ArchSweep/EffNetB0/47c212dcbf||~/Alzheimers/Results/ArchSweep/ResNet101/569dcf7f61,ResNet101 + EffNetB0,ResNet + EffNet,~/Alzheimers/Results/ArchSweep/ResNet101/569dcf7f61 | ~/Alzheimers/Results/ArchSweep/EffNetB0/47c212dcbf,2,0.986708365910868,0.8725,0.97109375,0.9434340386369561,0.8725,0.05056139789419627
~/Alzheimers/Results/ArchSweep/MobileNetV3_L/928704d880||~/Alzheimers/Results/ArchSweep/ResNeXt101_32x8d/3267f67289,ResNeXt101_32x8d + MobileNetV3_L,ResNeXt + MobileNetV3,~/Alzheimers/Results/ArchSweep/ResNeXt101_32x8d/3267f67289 | ~/Alzheimers/Results/ArchSweep/MobileNetV3_L/928704d880,2,0.9929632525410476,0.8716666666666667,0.9828125,0.9491474730692381,0.8716666666666667,0.0549437043095443
~/Alzheimers/Results/ArchSweep/DenseNet201/6cc31bb89f||~/Alzheimers/Results/ArchSweep/MobileNetV3_L/928704d880,DenseNet201 + MobileNetV3_L,DenseNet + MobileNetV3,~/Alzheimers/Results/ArchSweep/DenseNet201/6cc31bb89f | ~/Alzheimers/Results/ArchSweep/MobileNetV3_L/928704d880,2,0.9937451133698202,0.8691666666666666,0.98203125,0.9483143433454956,0.8691666666666666,0.05616980025781374
~/Alzheimers/Results/ArchSweep/EffNetB0/47c212dcbf||~/Alzheimers/Results/ArchSweep/ResNet50/bc9b7fdcd4,ResNet50 + EffNetB0,ResNet + EffNet,~/Alzheimers/Results/ArchSweep/ResNet50/bc9b7fdcd4 | ~/Alzheimers/Results/ArchSweep/EffNetB0/47c212dcbf,2,0.9859265050820952,0.8691666666666666,0.98515625,0.9467498072495873,0.8691666666666666,0.054860466034323804
~/Alzheimers/Results/ArchSweep/EffNetB0/47c212dcbf||~/Alzheimers/Results/ArchSweep/VGG16/86e629fd03,EffNetB0 + VGG16,EffNet + VGG,~/Alzheimers/Results/ArchSweep/EffNetB0/47c212dcbf | ~/Alzheimers/Results/ArchSweep/VGG16/86e629fd03,2,0.9812353401094606,0.8691666666666666,0.98046875,0.9436235855920424,0.8691666666666666,0.05264992242472262
~/Alzheimers/Results/ArchSweep/EffNetB0/3ffb7bc9ec||~/Alzheimers/Results/ArchSweep/ResNeXt50_32x4d/7e84631050,ResNeXt50_32x4d + EffNetB0,ResNeXt + EffNet,~/Alzheimers/Results/ArchSweep/ResNeXt50_32x4d/7e84631050 | ~/Alzheimers/Results/ArchSweep/EffNetB0/3ffb7bc9ec,2,0.9882720875684128,0.8683333333333333,0.9859375,0.9475143069672486,0.8683333333333333,0.05599751490908474
~/Alzheimers/Results/ArchSweep/MobileNetV2/17b0b4e0be||~/Alzheimers/Results/ArchSweep/ResNet50/bc9b7fdcd4,ResNet50 + MobileNetV2,ResNet + MobileNetV2,~/Alzheimers/Results/ArchSweep/ResNet50/bc9b7fdcd4 | ~/Alzheimers/Results/ArchSweep/MobileNetV2/17b0b4e0be,2,0.9898358092259578,0.8683333333333333,0.97890625,0.9456917975197637,0.8683333333333333,0.05488237605510447
~/Alzheimers/Results/ArchSweep/DenseNet201/c831e5b896||~/Alzheimers/Results/ArchSweep/MobileNetV3_L/996475d664,DenseNet201 + MobileNetV3_L,DenseNet + MobileNetV3,~/Alzheimers/Results/ArchSweep/DenseNet201/c831e5b896 | ~/Alzheimers/Results/ArchSweep/MobileNetV3_L/996475d664,2,0.9929632525410476,0.8658333333333333,0.978125,0.9456405286247936,0.8658333333333333,0.05675640786046358
~/Alzheimers/Results/ArchSweep/EffNetB0/2be00a0fdf||~/Alzheimers/Results/ArchSweep/MobileNetV3_L/928704d880,EffNetB0 + MobileNetV3_L,EffNet + MobileNetV3,~/Alzheimers/Results/ArchSweep/EffNetB0/2be00a0fdf | ~/Alzheimers/Results/ArchSweep/MobileNetV3_L/928704d880,2,0.9890539483971852,0.8658333333333333,0.98125,0.9453790939101729,0.8658333333333333,0.056337503328643554
~/Alzheimers/Results/ArchSweep/MobileNetV2/cde8b1c120||~/Alzheimers/Results/ArchSweep/ResNet50/bc9b7fdcd4,ResNet50 + MobileNetV2,ResNet + MobileNetV2,~/Alzheimers/Results/ArchSweep/ResNet50/bc9b7fdcd4 | ~/Alzheimers/Results/ArchSweep/MobileNetV2/cde8b1c120,2,0.9859265050820952,0.865,0.98203125,0.9443192516940316,0.865,0.05610972001364539
~/Alzheimers/Results/ArchSweep/MobileNetV2/17b0b4e0be||~/Alzheimers/Results/ArchSweep/VGG16/86e629fd03,MobileNetV2 + VGG16,MobileNetV2 + VGG,~/Alzheimers/Results/ArchSweep/MobileNetV2/17b0b4e0be | ~/Alzheimers/Results/ArchSweep/VGG16/86e629fd03,2,0.9913995308835029,0.865,0.975,0.9437998436278342,0.865,0.056120689412064384
~/Alzheimers/Results/ArchSweep/MobileNetV3_L/ee52aec0ed||~/Alzheimers/Results/ArchSweep/VGG16/438cb55e58,MobileNetV3_L + VGG16,MobileNetV3 + VGG,~/Alzheimers/Results/ArchSweep/MobileNetV3_L/ee52aec0ed | ~/Alzheimers/Results/ArchSweep/VGG16/438cb55e58,2,0.9843627834245504,0.865,0.98046875,0.9432771778081834,0.865,0.05537314811523938
~/Alzheimers/Results/ArchSweep/EffNetB0/3ffb7bc9ec||~/Alzheimers/Results/ArchSweep/ResNeXt101_32x8d/3267f67289,ResNeXt101_32x8d + EffNetB0,ResNeXt + EffNet,~/Alzheimers/Results/ArchSweep/ResNeXt101_32x8d/3267f67289 | ~/Alzheimers/Results/ArchSweep/EffNetB0/3ffb7bc9ec,2,0.986708365910868,0.8633333333333333,0.97890625,0.9429826497480671,0.8633333333333333,0.056410569087553326
~/Alzheimers/Results/ArchSweep/MobileNetV2/17b0b4e0be||~/Alzheimers/Results/ArchSweep/ResNeXt101_32x8d/577e0db115,ResNeXt101_32x8d + MobileNetV2,ResNeXt + MobileNetV2,~/Alzheimers/Results/ArchSweep/ResNeXt101_32x8d/577e0db115 | ~/Alzheimers/Results/ArchSweep/MobileNetV2/17b0b4e0be,2,0.9874902267396404,0.8616666666666667,0.98203125,0.9437293811354356,0.8616666666666667,0.05806988282089098
~/Alzheimers/Results/ArchSweep/MobileNetV3_L/928704d880||~/Alzheimers/Results/ArchSweep/ResNeXt50_32x4d/7e84631050,ResNeXt50_32x4d + MobileNetV3_L,ResNeXt + MobileNetV3,~/Alzheimers/Results/ArchSweep/ResNeXt50_32x4d/7e84631050 | ~/Alzheimers/Results/ArchSweep/MobileNetV3_L/928704d880,2,0.9913995308835029,0.8608333333333333,0.984375,0.9455359547389454,0.8608333333333333,0.059962413578675315
~/Alzheimers/Results/ArchSweep/MobileNetV3_L/996475d664||~/Alzheimers/Results/ArchSweep/VGG16/90df091f5f,MobileNetV3_L + VGG16,MobileNetV3 + VGG,~/Alzheimers/Results/ArchSweep/MobileNetV3_L/996475d664 | ~/Alzheimers/Results/ArchSweep/VGG16/90df091f5f,2,0.9906176700547302,0.86,0.9734375,0.9413517233515766,0.86,0.057950362265079755
~/Alzheimers/Results/ArchSweep/MobileNetV2/2931932146||~/Alzheimers/Results/ArchSweep/ResNet50/bc9b7fdcd4,ResNet50 + MobileNetV2,ResNet + MobileNetV2,~/Alzheimers/Results/ArchSweep/ResNet50/bc9b7fdcd4 | ~/Alzheimers/Results/ArchSweep/MobileNetV2/2931932146,2,0.9874902267396404,0.8583333333333333,0.98203125,0.9426182700243245,0.8583333333333333,0.05964010407723028
~/Alzheimers/Results/ArchSweep/EffNetB0/3ffb7bc9ec||~/Alzheimers/Results/ArchSweep/ResNet101/7e613879ca,ResNet101 + EffNetB0,ResNet + EffNet,~/Alzheimers/Results/ArchSweep/ResNet101/7e613879ca | ~/Alzheimers/Results/ArchSweep/EffNetB0/3ffb7bc9ec,2,0.9882720875684128,0.8575,0.9828125,0.942861529189471,0.8575,0.06040085415112362
~/Alzheimers/Results/ArchSweep/MobileNetV3_L/ee52aec0ed||~/Alzheimers/Results/ArchSweep/ResNeXt101_32x8d/3267f67289,ResNeXt101_32x8d + MobileNetV3_L,ResNeXt + MobileNetV3,~/Alzheimers/Results/ArchSweep/ResNeXt101_32x8d/3267f67289 | ~/Alzheimers/Results/ArchSweep/MobileNetV3_L/ee52aec0ed,2,0.986708365910868,0.8558333333333333,0.9796875,0.9407430664147339,0.8558333333333333,0.060108625107664314
~/Alzheimers/Results/ArchSweep/DenseNet201/6cc31bb89f||~/Alzheimers/Results/ArchSweep/MobileNetV3_L/ee52aec0ed,DenseNet201 + MobileNetV3_L,DenseNet + MobileNetV3,~/Alzheimers/Results/ArchSweep/DenseNet201/6cc31bb89f | ~/Alzheimers/Results/ArchSweep/MobileNetV3_L/ee52aec0ed,2,0.9913995308835029,0.8541666666666666,0.9796875,0.9417512325167232,0.8541666666666666,0.062115940241944334
~/Alzheimers/Results/ArchSweep/EffNetB0/2be00a0fdf||~/Alzheimers/Results/ArchSweep/MobileNetV3_L/996475d664,EffNetB0 + MobileNetV3_L,EffNet + MobileNetV3,~/Alzheimers/Results/ArchSweep/EffNetB0/2be00a0fdf | ~/Alzheimers/Results/ArchSweep/MobileNetV3_L/996475d664,2,0.9851446442533228,0.8525,0.9640625,0.9339023814177742,0.8525,0.05820008577853403
~/Alzheimers/Results/ArchSweep/EffNetB0/47c212dcbf||~/Alzheimers/Results/ArchSweep/ResNet101/7e613879ca,ResNet101 + EffNetB0,ResNet + EffNet,~/Alzheimers/Results/ArchSweep/ResNet101/7e613879ca | ~/Alzheimers/Results/ArchSweep/EffNetB0/47c212dcbf,2,0.983580922595778,0.8516666666666667,0.975,0.9367491964208149,0.8516666666666667,0.060264338322498376
~/Alzheimers/Results/ArchSweep/MobileNetV3_L/ee52aec0ed||~/Alzheimers/Results/ArchSweep/ResNet101/569dcf7f61,ResNet101 + MobileNetV3_L,ResNet + MobileNetV3,~/Alzheimers/Results/ArchSweep/ResNet101/569dcf7f61 | ~/Alzheimers/Results/ArchSweep/MobileNetV3_L/ee52aec0ed,2,0.9843627834245504,0.8475,0.97109375,0.9343188444748501,0.8475,0.06162873046973367
~/Alzheimers/Results/ArchSweep/DenseNet161/5e45b5ea33||~/Alzheimers/Results/ArchSweep/MobileNetV2/cde8b1c120,DenseNet161 + MobileNetV2,DenseNet + MobileNetV2,~/Alzheimers/Results/ArchSweep/DenseNet161/5e45b5ea33 | ~/Alzheimers/Results/ArchSweep/MobileNetV2/cde8b1c120,2,0.9898358092259578,0.8458333333333333,0.9859375,0.9405355475197638,0.8458333333333333,0.06698348668423036
~/Alzheimers/Results/ArchSweep/DenseNet201/c831e5b896||~/Alzheimers/Results/ArchSweep/MobileNetV2/17b0b4e0be,DenseNet201 + MobileNetV2,DenseNet + MobileNetV2,~/Alzheimers/Results/ArchSweep/DenseNet201/c831e5b896 | ~/Alzheimers/Results/ArchSweep/MobileNetV2/17b0b4e0be,2,0.9913995308835029,0.8458333333333333,0.98125,0.9394942880722787,0.8458333333333333,0.06635778817012553
~/Alzheimers/Results/ArchSweep/MobileNetV3_L/ee52aec0ed||~/Alzheimers/Results/ArchSweep/ResNeXt50_32x4d/7e84631050,ResNeXt50_32x4d + MobileNetV3_L,ResNeXt + MobileNetV3,~/Alzheimers/Results/ArchSweep/ResNeXt50_32x4d/7e84631050 | ~/Alzheimers/Results/ArchSweep/MobileNetV3_L/ee52aec0ed,2,0.9882720875684128,0.8458333333333333,0.98125,0.9384518069672486,0.8458333333333333,0.06555386422457907
~/Alzheimers/Results/ArchSweep/MobileNetV2/17b0b4e0be||~/Alzheimers/Results/ArchSweep/VGG16/90df091f5f,MobileNetV2 + VGG16,MobileNetV2 + VGG,~/Alzheimers/Results/ArchSweep/MobileNetV2/17b0b4e0be | ~/Alzheimers/Results/ArchSweep/VGG16/90df091f5f,2,0.9851446442533228,0.8458333333333333,0.97578125,0.935586409195552,0.8458333333333333,0.06358002442084403
~/Alzheimers/Results/ArchSweep/MobileNetV2/17b0b4e0be||~/Alzheimers/Results/ArchSweep/VGG16/438cb55e58,MobileNetV2 + VGG16,MobileNetV2 + VGG,~/Alzheimers/Results/ArchSweep/MobileNetV2/17b0b4e0be | ~/Alzheimers/Results/ArchSweep/VGG16/438cb55e58,2,0.983580922595778,0.8458333333333333,0.97265625,0.9340235019763705,0.8458333333333333,0.06251915174193548
~/Alzheimers/Results/ArchSweep/MobileNetV2/2931932146||~/Alzheimers/Results/ArchSweep/VGG16/86e629fd03,MobileNetV2 + VGG16,MobileNetV2 + VGG,~/Alzheimers/Results/ArchSweep/MobileNetV2/2931932146 | ~/Alzheimers/Results/ArchSweep/VGG16/86e629fd03,2,0.983580922595778,0.8425,0.97421875,0.9334332241985926,0.8425,0.06441299566749928
~/Alzheimers/Results/ArchSweep/MobileNetV3_L/ee52aec0ed||~/Alzheimers/Results/ArchSweep/ResNet101/7e613879ca,ResNet101 + MobileNetV3_L,ResNet + MobileNetV3,~/Alzheimers/Results/ArchSweep/ResNet101/7e613879ca | ~/Alzheimers/Results/ArchSweep/MobileNetV3_L/ee52aec0ed,2,0.9890539483971852,0.8416666666666667,0.97421875,0.9349797883546173,0.8416666666666667,0.06625971519826947
~/Alzheimers/Results/ArchSweep/MobileNetV2/cde8b1c120||~/Alzheimers/Results/ArchSweep/VGG16/86e629fd03,MobileNetV2 + VGG16,MobileNetV2 + VGG,~/Alzheimers/Results/ArchSweep/MobileNetV2/cde8b1c120 | ~/Alzheimers/Results/ArchSweep/VGG16/86e629fd03,2,0.9843627834245504,0.8391666666666666,0.9765625,0.9333639833637389,0.8391666666666666,0.06668364097274156
~/Alzheimers/Results/ArchSweep/MobileNetV3_L/996475d664||~/Alzheimers/Results/ArchSweep/ResNet101/7e613879ca,ResNet101 + MobileNetV3_L,ResNet + MobileNetV3,~/Alzheimers/Results/ArchSweep/ResNet101/7e613879ca | ~/Alzheimers/Results/ArchSweep/MobileNetV3_L/996475d664,2,0.9929632525410476,0.8383333333333334,0.9578125,0.9297030286247937,0.8383333333333334,0.06618262493178106
~/Alzheimers/Results/ArchSweep/MobileNetV2/cde8b1c120||~/Alzheimers/Results/ArchSweep/ResNeXt101_32x8d/577e0db115,ResNeXt101_32x8d + MobileNetV2,ResNeXt + MobileNetV2,~/Alzheimers/Results/ArchSweep/ResNeXt101_32x8d/577e0db115 | ~/Alzheimers/Results/ArchSweep/MobileNetV2/cde8b1c120,2,0.9874902267396404,0.8375,0.98828125,0.9377571589132135,0.8375,0.07089325245024668
~/Alzheimers/Results/ArchSweep/MobileNetV3_L/996475d664||~/Alzheimers/Results/ArchSweep/ResNeXt101_32x8d/3267f67289,ResNeXt101_32x8d + MobileNetV3_L,ResNeXt + MobileNetV3,~/Alzheimers/Results/ArchSweep/ResNeXt101_32x8d/3267f67289 | ~/Alzheimers/Results/ArchSweep/MobileNetV3_L/996475d664,2,0.9898358092259578,0.8366666666666667,0.96953125,0.9320112419642083,0.8366666666666667,0.06792647893294398
~/Alzheimers/Results/ArchSweep/MobileNetV2/2931932146||~/Alzheimers/Results/ArchSweep/ResNeXt101_32x8d/577e0db115,ResNeXt101_32x8d + MobileNetV2,ResNeXt + MobileNetV2,~/Alzheimers/Results/ArchSweep/ResNeXt101_32x8d/577e0db115 | ~/Alzheimers/Results/ArchSweep/MobileNetV2/2931932146,2,0.986708365910868,0.8325,0.9859375,0.9350486219702893,0.8325,0.07251350890037485
~/Alzheimers/Results/ArchSweep/MobileNetV2/cde8b1c120||~/Alzheimers/Results/ArchSweep/VGG16/438cb55e58,MobileNetV2 + VGG16,MobileNetV2 + VGG,~/Alzheimers/Results/ArchSweep/MobileNetV2/cde8b1c120 | ~/Alzheimers/Results/ArchSweep/VGG16/438cb55e58,2,0.977326035965598,0.8316666666666667,0.97578125,0.928257984210755,0.8316666666666667,0.06830328718100881
~/Alzheimers/Results/ArchSweep/MobileNetV3_L/996475d664||~/Alzheimers/Results/ArchSweep/ResNet101/569dcf7f61,ResNet101 + MobileNetV3_L,ResNet + MobileNetV3,~/Alzheimers/Results/ArchSweep/ResNet101/569dcf7f61 | ~/Alzheimers/Results/ArchSweep/MobileNetV3_L/996475d664,2,0.9906176700547302,0.83,0.95625,0.92562255668491,0.83,0.06905572241056174
~/Alzheimers/Results/ArchSweep/EffNetB0/2be00a0fdf||~/Alzheimers/Results/ArchSweep/MobileNetV3_L/ee52aec0ed,EffNetB0 + MobileNetV3_L,EffNet + MobileNetV3,~/Alzheimers/Results/ArchSweep/EffNetB0/2be00a0fdf | ~/Alzheimers/Results/ArchSweep/MobileNetV3_L/ee52aec0ed,2,0.9788897576231432,0.8291666666666667,0.97734375,0.9284667247632701,0.8291666666666667,0.07021858105650901
~/Alzheimers/Results/ArchSweep/DenseNet161/5e45b5ea33||~/Alzheimers/Results/ArchSweep/MobileNetV2/2931932146,DenseNet161 + MobileNetV2,DenseNet + MobileNetV2,~/Alzheimers/Results/ArchSweep/DenseNet161/5e45b5ea33 | ~/Alzheimers/Results/ArchSweep/MobileNetV2/2931932146,2,0.9890539483971852,0.8283333333333334,0.98515625,0.9341811772435061,0.8283333333333334,0.0748626411437333
~/Alzheimers/Results/ArchSweep/MobileNetV2/2931932146||~/Alzheimers/Results/ArchSweep/VGG16/438cb55e58,MobileNetV2 + VGG16,MobileNetV2 + VGG,~/Alzheimers/Results/ArchSweep/MobileNetV2/2931932146 | ~/Alzheimers/Results/ArchSweep/VGG16/438cb55e58,2,0.9812353401094606,0.8283333333333334,0.978125,0.9292312244809313,0.8283333333333334,0.07135688185649895
~/Alzheimers/Results/ArchSweep/DenseNet201/6cc31bb89f||~/Alzheimers/Results/ArchSweep/InceptionV3/18907e7972,DenseNet201 + InceptionV3,DenseNet + Inception,~/Alzheimers/Results/ArchSweep/DenseNet201/6cc31bb89f | ~/Alzheimers/Results/ArchSweep/InceptionV3/18907e7972,2,0.9882720875684128,0.8275,0.98984375,0.9352052791894709,0.8275,0.07616183604518789
~/Alzheimers/Results/ArchSweep/DenseNet201/6cc31bb89f||~/Alzheimers/Results/ArchSweep/MobileNetV3_L/996475d664,DenseNet201 + MobileNetV3_L,DenseNet + MobileNetV3,~/Alzheimers/Results/ArchSweep/DenseNet201/6cc31bb89f | ~/Alzheimers/Results/ArchSweep/MobileNetV3_L/996475d664,2,0.9921813917122752,0.8258333333333333,0.96953125,0.9291819916818694,0.8258333333333333,0.07366123411369274
~/Alzheimers/Results/ArchSweep/EffNetB0/3ffb7bc9ec||~/Alzheimers/Results/ArchSweep/MobileNetV3_L/928704d880,EffNetB0 + MobileNetV3_L,EffNet + MobileNetV3,~/Alzheimers/Results/ArchSweep/EffNetB0/3ffb7bc9ec | ~/Alzheimers/Results/ArchSweep/MobileNetV3_L/928704d880,2,0.9890539483971852,0.825,0.96953125,0.9278617327990618,0.825,0.07316960203980907
~/Alzheimers/Results/ArchSweep/DenseNet201/c831e5b896||~/Alzheimers/Results/ArchSweep/MobileNetV2/cde8b1c120,DenseNet201 + MobileNetV2,DenseNet + MobileNetV2,~/Alzheimers/Results/ArchSweep/DenseNet201/c831e5b896 | ~/Alzheimers/Results/ArchSweep/MobileNetV2/cde8b1c120,2,0.986708365910868,0.8216666666666667,0.98203125,0.9301354275258449,0.8216666666666667,0.07672276026949292
~/Alzheimers/Results/ArchSweep/MobileNetV2/17b0b4e0be||~/Alzheimers/Results/ArchSweep/ResNeXt101_32x8d/3267f67289,ResNeXt101_32x8d + MobileNetV2,ResNeXt + MobileNetV2,~/Alzheimers/Results/ArchSweep/ResNeXt101_32x8d/3267f67289 | ~/Alzheimers/Results/ArchSweep/MobileNetV2/17b0b4e0be,2,0.9851446442533228,0.82,0.97890625,0.9280169647511075,0.82,0.0764219771891415
~/Alzheimers/Results/ArchSweep/EffNetB0/47c212dcbf||~/Alzheimers/Results/ArchSweep/MobileNetV3_L/928704d880,EffNetB0 + MobileNetV3_L,EffNet + MobileNetV3,~/Alzheimers/Results/ArchSweep/EffNetB0/47c212dcbf | ~/Alzheimers/Results/ArchSweep/MobileNetV3_L/928704d880,2,0.986708365910868,0.8183333333333334,0.96484375,0.9232951497480671,0.8183333333333334,0.0747540524477554
~/Alzheimers/Results/ArchSweep/DenseNet201/6cc31bb89f||~/Alzheimers/Results/ArchSweep/MobileNetV2/17b0b4e0be,DenseNet201 + MobileNetV2,DenseNet + MobileNetV2,~/Alzheimers/Results/ArchSweep/DenseNet201/6cc31bb89f | ~/Alzheimers/Results/ArchSweep/MobileNetV2/17b0b4e0be,2,0.9898358092259578,0.8158333333333333,0.97890625,0.9281917975197637,0.8158333333333333,0.0795746281673937
~/Alzheimers/Results/ArchSweep/MobileNetV2/17b0b4e0be||~/Alzheimers/Results/ArchSweep/ResNet101/7e613879ca,ResNet101 + MobileNetV2,ResNet + MobileNetV2,~/Alzheimers/Results/ArchSweep/ResNet101/7e613879ca | ~/Alzheimers/Results/ArchSweep/MobileNetV2/17b0b4e0be,2,0.9874902267396404,0.8125,0.9671875,0.9223925755798801,0.8125,0.07814658791421361
~/Alzheimers/Results/ArchSweep/MobileNetV2/17b0b4e0be||~/Alzheimers/Results/ArchSweep/ResNet101/569dcf7f61,ResNet101 + MobileNetV2,ResNet + MobileNetV2,~/Alzheimers/Results/ArchSweep/ResNet101/569dcf7f61 | ~/Alzheimers/Results/ArchSweep/MobileNetV2/17b0b4e0be,2,0.986708365910868,0.8083333333333333,0.96328125,0.9194409830814004,0.8083333333333333,0.07914497168437035
~/Alzheimers/Results/ArchSweep/MobileNetV2/cde8b1c120||~/Alzheimers/Results/ArchSweep/VGG16/90df091f5f,MobileNetV2 + VGG16,MobileNetV2 + VGG,~/Alzheimers/Results/ArchSweep/MobileNetV2/cde8b1c120 | ~/Alzheimers/Results/ArchSweep/VGG16/90df091f5f,2,0.9851446442533228,0.8075,0.98046875,0.9243711314177743,0.8075,0.08266241393329887
~/Alzheimers/Results/ArchSweep/EffNetB0/2be00a0fdf||~/Alzheimers/Results/ArchSweep/MobileNetV2/17b0b4e0be,EffNetB0 + MobileNetV2,EffNet + MobileNetV2,~/Alzheimers/Results/ArchSweep/EffNetB0/2be00a0fdf | ~/Alzheimers/Results/ArchSweep/MobileNetV2/17b0b4e0be,2,0.9827990617670056,0.8075,0.9734375,0.9212455205890019,0.8075,0.080520979875751
~/Alzheimers/Results/ArchSweep/EffNetB0/2be00a0fdf||~/Alzheimers/Results/ArchSweep/MobileNetV2/cde8b1c120,EffNetB0 + MobileNetV2,EffNet + MobileNetV2,~/Alzheimers/Results/ArchSweep/EffNetB0/2be00a0fdf | ~/Alzheimers/Results/ArchSweep/MobileNetV2/cde8b1c120,2,0.9781078967943706,0.8058333333333333,0.975,0.9196470767092347,0.8058333333333333,0.08048847077500296
~/Alzheimers/Results/ArchSweep/EffNetB0/3ffb7bc9ec||~/Alzheimers/Results/ArchSweep/MobileNetV3_L/996475d664,EffNetB0 + MobileNetV3_L,EffNet + MobileNetV3,~/Alzheimers/Results/ArchSweep/EffNetB0/3ffb7bc9ec | ~/Alzheimers/Results/ArchSweep/MobileNetV3_L/996475d664,2,0.986708365910868,0.8025,0.946875,0.912027788636956,0.8025,0.07913670291642412
~/Alzheimers/Results/ArchSweep/EffNetB0/47c212dcbf||~/Alzheimers/Results/ArchSweep/MobileNetV3_L/996475d664,EffNetB0 + MobileNetV3_L,EffNet + MobileNetV3,~/Alzheimers/Results/ArchSweep/EffNetB0/47c212dcbf | ~/Alzheimers/Results/ArchSweep/MobileNetV3_L/996475d664,2,0.983580922595778,0.8025,0.94296875,0.9096832241985927,0.8025,0.07758229954030173
~/Alzheimers/Results/ArchSweep/DenseNet201/c831e5b896||~/Alzheimers/Results/ArchSweep/MobileNetV2/2931932146,DenseNet201 + MobileNetV2,DenseNet + MobileNetV2,~/Alzheimers/Results/ArchSweep/DenseNet201/c831e5b896 | ~/Alzheimers/Results/ArchSweep/MobileNetV2/2931932146,2,0.9898358092259578,0.8008333333333333,0.984375,0.9250147141864303,0.8008333333333333,0.0878377922547656
~/Alzheimers/Results/ArchSweep/EffNetB0/2be00a0fdf||~/Alzheimers/Results/ArchSweep/InceptionV3/18907e7972,InceptionV3 + EffNetB0,Inception + EffNet,~/Alzheimers/Results/ArchSweep/InceptionV3/18907e7972 | ~/Alzheimers/Results/ArchSweep/EffNetB0/2be00a0fdf,2,0.9569976544175136,0.8,0.97890625,0.9119679681391712,0.8,0.07967691450271766
~/Alzheimers/Results/ArchSweep/EffNetB0/2be00a0fdf||~/Alzheimers/Results/ArchSweep/MobileNetV2/2931932146,EffNetB0 + MobileNetV2,EffNet + MobileNetV2,~/Alzheimers/Results/ArchSweep/EffNetB0/2be00a0fdf | ~/Alzheimers/Results/ArchSweep/MobileNetV2/2931932146,2,0.9812353401094606,0.7983333333333333,0.975,0.9181895578142646,0.7983333333333333,0.08478936952506765
~/Alzheimers/Results/ArchSweep/MobileNetV3_L/996475d664||~/Alzheimers/Results/ArchSweep/ResNeXt50_32x4d/7e84631050,ResNeXt50_32x4d + MobileNetV3_L,ResNeXt + MobileNetV3,~/Alzheimers/Results/ArchSweep/ResNeXt50_32x4d/7e84631050 | ~/Alzheimers/Results/ArchSweep/MobileNetV3_L/996475d664,2,0.9913995308835029,0.795,0.97265625,0.9196852602945009,0.795,0.08849722498700192
~/Alzheimers/Results/ArchSweep/MobileNetV2/17b0b4e0be||~/Alzheimers/Results/ArchSweep/ResNeXt50_32x4d/7e84631050,ResNeXt50_32x4d + MobileNetV2,ResNeXt + MobileNetV2,~/Alzheimers/Results/ArchSweep/ResNeXt50_32x4d/7e84631050 | ~/Alzheimers/Results/ArchSweep/MobileNetV2/17b0b4e0be,2,0.9890539483971852,0.7941666666666667,0.97890625,0.920708955021284,0.7941666666666667,0.08957476207878864
~/Alzheimers/Results/ArchSweep/EffNetB0/3ffb7bc9ec||~/Alzheimers/Results/ArchSweep/MobileNetV3_L/ee52aec0ed,EffNetB0 + MobileNetV3_L,EffNet + MobileNetV3,~/Alzheimers/Results/ArchSweep/EffNetB0/3ffb7bc9ec | ~/Alzheimers/Results/ArchSweep/MobileNetV3_L/ee52aec0ed,2,0.9859265050820952,0.7933333333333333,0.96796875,0.9157428628051428,0.7933333333333333,0.08686652566257225
~/Alzheimers/Results/ArchSweep/EffNetB0/47c212dcbf||~/Alzheimers/Results/ArchSweep/MobileNetV3_L/ee52aec0ed,EffNetB0 + MobileNetV3_L,EffNet + MobileNetV3,~/Alzheimers/Results/ArchSweep/EffNetB0/47c212dcbf | ~/Alzheimers/Results/ArchSweep/MobileNetV3_L/ee52aec0ed,2,0.9781078967943706,0.7908333333333334,0.9578125,0.9089179100425678,0.7908333333333334,0.08390848675872849
~/Alzheimers/Results/ArchSweep/MobileNetV2/2931932146||~/Alzheimers/Results/ArchSweep/VGG16/90df091f5f,MobileNetV2 + VGG16,MobileNetV2 + VGG,~/Alzheimers/Results/ArchSweep/MobileNetV2/2931932146 | ~/Alzheimers/Results/ArchSweep/VGG16/90df091f5f,2,0.9843627834245504,0.7858333333333334,0.97890625,0.9163674555859612,0.7858333333333334,0.09232843997906354
~/Alzheimers/Results/ArchSweep/MobileNetV2/cde8b1c120||~/Alzheimers/Results/ArchSweep/ResNeXt101_32x8d/3267f67289,ResNeXt101_32x8d + MobileNetV2,ResNeXt + MobileNetV2,~/Alzheimers/Results/ArchSweep/ResNeXt101_32x8d/3267f67289 | ~/Alzheimers/Results/ArchSweep/MobileNetV2/cde8b1c120,2,0.9859265050820952,0.7858333333333334,0.975,0.9155866128051429,0.7858333333333334,0.0918577969058493
~/Alzheimers/Results/ArchSweep/MobileNetV2/cde8b1c120||~/Alzheimers/Results/ArchSweep/ResNet101/7e613879ca,ResNet101 + MobileNetV2,ResNet + MobileNetV2,~/Alzheimers/Results/ArchSweep/ResNet101/7e613879ca | ~/Alzheimers/Results/ArchSweep/MobileNetV2/cde8b1c120,2,0.9843627834245504,0.7825,0.9671875,0.9113500944748502,0.7825,0.09138018649142628
~/Alzheimers/Results/ArchSweep/MobileNetV2/17b0b4e0be||~/Alzheimers/Results/ArchSweep/MobileNetV3_L/928704d880,MobileNetV2 + MobileNetV3_L,MobileNetV2 + MobileNetV3,~/Alzheimers/Results/ArchSweep/MobileNetV2/17b0b4e0be | ~/Alzheimers/Results/ArchSweep/MobileNetV3_L/928704d880,2,0.9937451133698202,0.7808333333333334,0.95546875,0.9100157322343846,0.7808333333333334,0.09267268255380458
~/Alzheimers/Results/ArchSweep/EffNetB0/3ffb7bc9ec||~/Alzheimers/Results/ArchSweep/MobileNetV2/17b0b4e0be,EffNetB0 + MobileNetV2,EffNet + MobileNetV2,~/Alzheimers/Results/ArchSweep/EffNetB0/3ffb7bc9ec | ~/Alzheimers/Results/ArchSweep/MobileNetV2/17b0b4e0be,2,0.980453479280688,0.7766666666666666,0.95859375,0.9052379653157848,0.7766666666666666,0.09135059229254006
~/Alzheimers/Results/ArchSweep/DenseNet201/6cc31bb89f||~/Alzheimers/Results/ArchSweep/MobileNetV2/cde8b1c120,DenseNet201 + MobileNetV2,DenseNet + MobileNetV2,~/Alzheimers/Results/ArchSweep/DenseNet201/6cc31bb89f | ~/Alzheimers/Results/ArchSweep/MobileNetV2/cde8b1c120,2,0.9843627834245504,0.77,0.97421875,0.9095271778081835,0.77,0.09874749064783683
~/Alzheimers/Results/ArchSweep/EffNetB0/47c212dcbf||~/Alzheimers/Results/ArchSweep/MobileNetV2/17b0b4e0be,EffNetB0 + MobileNetV2,EffNet + MobileNetV2,~/Alzheimers/Results/ArchSweep/EffNetB0/47c212dcbf | ~/Alzheimers/Results/ArchSweep/MobileNetV2/17b0b4e0be,2,0.9749804534792806,0.7691666666666667,0.94921875,0.8977886233819824,0.7691666666666667,0.09155552833661845
~/Alzheimers/Results/ArchSweep/EffNetB0/47c212dcbf||~/Alzheimers/Results/ArchSweep/MobileNetV2/cde8b1c120,EffNetB0 + MobileNetV2,EffNet + MobileNetV2,~/Alzheimers/Results/ArchSweep/EffNetB0/47c212dcbf | ~/Alzheimers/Results/ArchSweep/MobileNetV2/cde8b1c120,2,0.9734167318217356,0.7683333333333333,0.94140625,0.894385438385023,0.7683333333333333,0.09008521013494787
~/Alzheimers/Results/ArchSweep/MobileNetV2/2931932146||~/Alzheimers/Results/ArchSweep/ResNeXt101_32x8d/3267f67289,ResNeXt101_32x8d + MobileNetV2,ResNeXt + MobileNetV2,~/Alzheimers/Results/ArchSweep/ResNeXt101_32x8d/3267f67289 | ~/Alzheimers/Results/ArchSweep/MobileNetV2/2931932146,2,0.9890539483971852,0.765,0.978125,0.910726316132395,0.765,0.1031406156287171
~/Alzheimers/Results/ArchSweep/MobileNetV2/cde8b1c120||~/Alzheimers/Results/ArchSweep/MobileNetV3_L/928704d880,MobileNetV2 + MobileNetV3_L,MobileNetV2 + MobileNetV3,~/Alzheimers/Results/ArchSweep/MobileNetV2/cde8b1c120 | ~/Alzheimers/Results/ArchSweep/MobileNetV3_L/928704d880,2,0.9843627834245504,0.7633333333333333,0.95,0.8992320389192946,0.7633333333333333,0.09711348638277272
~/Alzheimers/Results/ArchSweep/MobileNetV2/2931932146||~/Alzheimers/Results/ArchSweep/ResNet101/7e613879ca,ResNet101 + MobileNetV2,ResNet + MobileNetV2,~/Alzheimers/Results/ArchSweep/ResNet101/7e613879ca | ~/Alzheimers/Results/ArchSweep/MobileNetV2/2931932146,2,0.986708365910868,0.7608333333333334,0.97109375,0.9062118164147338,0.7608333333333334,0.10299557131190237
~/Alzheimers/Results/ArchSweep/EffNetB0/3ffb7bc9ec||~/Alzheimers/Results/ArchSweep/MobileNetV2/cde8b1c120,EffNetB0 + MobileNetV2,EffNet + MobileNetV2,~/Alzheimers/Results/ArchSweep/EffNetB0/3ffb7bc9ec | ~/Alzheimers/Results/ArchSweep/MobileNetV2/cde8b1c120,2,0.982017200938233,0.7608333333333334,0.95546875,0.8994397614238555,0.7608333333333334,0.09860700276963004
~/Alzheimers/Results/ArchSweep/EffNetB0/3ffb7bc9ec||~/Alzheimers/Results/ArchSweep/MobileNetV2/2931932146,EffNetB0 + MobileNetV2,EffNet + MobileNetV2,~/Alzheimers/Results/ArchSweep/EffNetB0/3ffb7bc9ec | ~/Alzheimers/Results/ArchSweep/MobileNetV2/2931932146,2,0.9796716184519156,0.7533333333333333,0.96171875,0.8982412339284164,0.7533333333333333,0.1027271502981524
~/Alzheimers/Results/ArchSweep/MobileNetV2/17b0b4e0be||~/Alzheimers/Results/ArchSweep/MobileNetV3_L/ee52aec0ed,MobileNetV2 + MobileNetV3_L,MobileNetV2 + MobileNetV3,~/Alzheimers/Results/ArchSweep/MobileNetV2/17b0b4e0be | ~/Alzheimers/Results/ArchSweep/MobileNetV3_L/ee52aec0ed,2,0.9851446442533228,0.7533333333333333,0.94140625,0.8932947425288854,0.7533333333333333,0.10056559660562636
~/Alzheimers/Results/ArchSweep/EffNetB0/47c212dcbf||~/Alzheimers/Results/ArchSweep/MobileNetV2/2931932146,EffNetB0 + MobileNetV2,EffNet + MobileNetV2,~/Alzheimers/Results/ArchSweep/EffNetB0/47c212dcbf | ~/Alzheimers/Results/ArchSweep/MobileNetV2/2931932146,2,0.9757623143080532,0.7483333333333333,0.95390625,0.8926672992137954,0.7483333333333333,0.10244882353919038
~/Alzheimers/Results/ArchSweep/DenseNet201/6cc31bb89f||~/Alzheimers/Results/ArchSweep/MobileNetV2/2931932146,DenseNet201 + MobileNetV2,DenseNet + MobileNetV2,~/Alzheimers/Results/ArchSweep/DenseNet201/6cc31bb89f | ~/Alzheimers/Results/ArchSweep/MobileNetV2/2931932146,2,0.9898358092259578,0.7458333333333333,0.97734375,0.9043376308530972,0.7458333333333333,0.11219543108671741
~/Alzheimers/Results/ArchSweep/MobileNetV2/cde8b1c120||~/Alzheimers/Results/ArchSweep/ResNet101/569dcf7f61,ResNet101 + MobileNetV2,ResNet + MobileNetV2,~/Alzheimers/Results/ArchSweep/ResNet101/569dcf7f61 | ~/Alzheimers/Results/ArchSweep/MobileNetV2/cde8b1c120,2,0.9859265050820952,0.745,0.9625,0.8978088350273651,0.745,0.1084745909784275
~/Alzheimers/Results/ArchSweep/EffNetB0/47c212dcbf||~/Alzheimers/Results/ArchSweep/InceptionV3/18907e7972,InceptionV3 + EffNetB0,Inception + EffNet,~/Alzheimers/Results/ArchSweep/InceptionV3/18907e7972 | ~/Alzheimers/Results/ArchSweep/EffNetB0/47c212dcbf,2,0.9562157935887412,0.745,0.96171875,0.8876448478629136,0.745,0.10089015511499427
~/Alzheimers/Results/ArchSweep/InceptionV3/18907e7972||~/Alzheimers/Results/ArchSweep/MobileNetV3_L/996475d664,InceptionV3 + MobileNetV3_L,Inception + MobileNetV3,~/Alzheimers/Results/ArchSweep/InceptionV3/18907e7972 | ~/Alzheimers/Results/ArchSweep/MobileNetV3_L/996475d664,2,0.982017200938233,0.7441666666666666,0.92578125,0.8839883725349665,0.7441666666666666,0.10149943388486743
~/Alzheimers/Results/ArchSweep/MobileNetV2/cde8b1c120||~/Alzheimers/Results/ArchSweep/ResNeXt50_32x4d/7e84631050,ResNeXt50_32x4d + MobileNetV2,ResNeXt + MobileNetV2,~/Alzheimers/Results/ArchSweep/ResNeXt50_32x4d/7e84631050 | ~/Alzheimers/Results/ArchSweep/MobileNetV2/cde8b1c120,2,0.9859265050820952,0.74,0.97890625,0.9016109183606984,0.74,0.11431210987291378
~/Alzheimers/Results/ArchSweep/MobileNetV2/2931932146||~/Alzheimers/Results/ArchSweep/MobileNetV3_L/928704d880,MobileNetV2 + MobileNetV3_L,MobileNetV2 + MobileNetV3,~/Alzheimers/Results/ArchSweep/MobileNetV2/2931932146 | ~/Alzheimers/Results/ArchSweep/MobileNetV3_L/928704d880,2,0.9906176700547302,0.735,0.9546875,0.89343505668491,0.735,0.11298670915968675
~/Alzheimers/Results/ArchSweep/MobileNetV2/cde8b1c120||~/Alzheimers/Results/ArchSweep/MobileNetV3_L/ee52aec0ed,MobileNetV2 + MobileNetV3_L,MobileNetV2 + MobileNetV3,~/Alzheimers/Results/ArchSweep/MobileNetV2/cde8b1c120 | ~/Alzheimers/Results/ArchSweep/MobileNetV3_L/ee52aec0ed,2,0.983580922595778,0.7316666666666667,0.94296875,0.8860721130874816,0.7316666666666667,0.11043284099109187
~/Alzheimers/Results/ArchSweep/MobileNetV2/17b0b4e0be||~/Alzheimers/Results/ArchSweep/MobileNetV3_L/996475d664,MobileNetV2 + MobileNetV3_L,MobileNetV2 + MobileNetV3,~/Alzheimers/Results/ArchSweep/MobileNetV2/17b0b4e0be | ~/Alzheimers/Results/ArchSweep/MobileNetV3_L/996475d664,2,0.9874902267396404,0.7266666666666667,0.9265625,0.8802397978021025,0.7266666666666667,0.1114048979368243
~/Alzheimers/Results/ArchSweep/EffNetB0/3ffb7bc9ec||~/Alzheimers/Results/ArchSweep/InceptionV3/18907e7972,InceptionV3 + EffNetB0,Inception + EffNet,~/Alzheimers/Results/ArchSweep/InceptionV3/18907e7972 | ~/Alzheimers/Results/ArchSweep/EffNetB0/3ffb7bc9ec,2,0.9726348709929632,0.7225,0.95859375,0.8845762069976545,0.7225,0.11474845220668452
~/Alzheimers/Results/ArchSweep/MobileNetV2/2931932146||~/Alzheimers/Results/ArchSweep/MobileNetV3_L/ee52aec0ed,MobileNetV2 + MobileNetV3_L,MobileNetV2 + MobileNetV3,~/Alzheimers/Results/ArchSweep/MobileNetV2/2931932146 | ~/Alzheimers/Results/ArchSweep/MobileNetV3_L/ee52aec0ed,2,0.983580922595778,0.7208333333333333,0.95078125,0.8850651686430372,0.7208333333333333,0.11689889200356808
~/Alzheimers/Results/ArchSweep/MobileNetV2/2931932146||~/Alzheimers/Results/ArchSweep/ResNeXt50_32x4d/7e84631050,ResNeXt50_32x4d + MobileNetV2,ResNeXt + MobileNetV2,~/Alzheimers/Results/ArchSweep/ResNeXt50_32x4d/7e84631050 | ~/Alzheimers/Results/ArchSweep/MobileNetV2/2931932146,2,0.9859265050820952,0.72,0.98359375,0.8965067516940316,0.72,0.12481275437430851
~/Alzheimers/Results/ArchSweep/MobileNetV2/2931932146||~/Alzheimers/Results/ArchSweep/ResNet101/569dcf7f61,ResNet101 + MobileNetV2,ResNet + MobileNetV2,~/Alzheimers/Results/ArchSweep/ResNet101/569dcf7f61 | ~/Alzheimers/Results/ArchSweep/MobileNetV2/2931932146,2,0.9859265050820952,0.7175,0.9640625,0.8891630016940318,0.7175,0.12171181342967857
~/Alzheimers/Results/ArchSweep/InceptionV3/18907e7972||~/Alzheimers/Results/ArchSweep/MobileNetV3_L/ee52aec0ed,InceptionV3 + MobileNetV3_L,Inception + MobileNetV3,~/Alzheimers/Results/ArchSweep/InceptionV3/18907e7972 | ~/Alzheimers/Results/ArchSweep/MobileNetV3_L/ee52aec0ed,2,0.9601250977326036,0.71,0.94296875,0.8710312825775345,0.71,0.11408152214770172
~/Alzheimers/Results/ArchSweep/InceptionV3/18907e7972||~/Alzheimers/Results/ArchSweep/MobileNetV2/17b0b4e0be,InceptionV3 + MobileNetV2,Inception + MobileNetV2,~/Alzheimers/Results/ArchSweep/InceptionV3/18907e7972 | ~/Alzheimers/Results/ArchSweep/MobileNetV2/17b0b4e0be,2,0.9648162627052383,0.695,0.9375,0.8657720875684127,0.695,0.12126795116985262
~/Alzheimers/Results/ArchSweep/MobileNetV2/cde8b1c120||~/Alzheimers/Results/ArchSweep/MobileNetV3_L/996475d664,MobileNetV2 + MobileNetV3_L,MobileNetV2 + MobileNetV3,~/Alzheimers/Results/ArchSweep/MobileNetV2/cde8b1c120 | ~/Alzheimers/Results/ArchSweep/MobileNetV3_L/996475d664,2,0.9827990617670056,0.6825,0.925,0.8634330205890018,0.6825,0.13009676229607373
~/Alzheimers/Results/ArchSweep/InceptionV3/18907e7972||~/Alzheimers/Results/ArchSweep/MobileNetV2/cde8b1c120,InceptionV3 + MobileNetV2,Inception + MobileNetV2,~/Alzheimers/Results/ArchSweep/InceptionV3/18907e7972 | ~/Alzheimers/Results/ArchSweep/MobileNetV2/cde8b1c120,2,0.941360437842064,0.6725,0.93203125,0.8486305626140213,0.6725,0.12460133694172225
~/Alzheimers/Results/ArchSweep/InceptionV3/753305689a||~/Alzheimers/Results/ArchSweep/MobileNetV2/cde8b1c120,InceptionV3 + MobileNetV2,Inception + MobileNetV2,~/Alzheimers/Results/ArchSweep/InceptionV3/753305689a | ~/Alzheimers/Results/ArchSweep/MobileNetV2/cde8b1c120,2,0.655199374511337,0.6475,0.7953125,0.6993372915037791,0.6475,0.0679374740791672
~/Alzheimers/Results/ArchSweep/InceptionV3/18907e7972||~/Alzheimers/Results/ArchSweep/MobileNetV3_L/928704d880,InceptionV3 + MobileNetV3_L,Inception + MobileNetV3,~/Alzheimers/Results/ArchSweep/InceptionV3/18907e7972 | ~/Alzheimers/Results/ArchSweep/MobileNetV3_L/928704d880,2,0.9757623143080532,0.6458333333333334,0.95078125,0.8574589658804621,0.6458333333333334,0.14998904328143453
~/Alzheimers/Results/ArchSweep/MobileNetV2/2931932146||~/Alzheimers/Results/ArchSweep/MobileNetV3_L/996475d664,MobileNetV2 + MobileNetV3_L,MobileNetV2 + MobileNetV3,~/Alzheimers/Results/ArchSweep/MobileNetV2/2931932146 | ~/Alzheimers/Results/ArchSweep/MobileNetV3_L/996475d664,2,0.9882720875684128,0.6416666666666667,0.9265625,0.8521670847450263,0.6416666666666667,0.15096321363793475
~/Alzheimers/Results/ArchSweep/InceptionV3/753305689a||~/Alzheimers/Results/ArchSweep/MobileNetV3_L/ee52aec0ed,InceptionV3 + MobileNetV3_L,Inception + MobileNetV3,~/Alzheimers/Results/ArchSweep/InceptionV3/753305689a | ~/Alzheimers/Results/ArchSweep/MobileNetV3_L/ee52aec0ed,2,0.5981235340109461,0.6975,0.746875,0.6808328446703152,0.5981235340109461,0.06186057014804093
~/Alzheimers/Results/ArchSweep/DenseNet201/6cc31bb89f||~/Alzheimers/Results/ArchSweep/InceptionV3/f7f1f63a2a,DenseNet201 + InceptionV3,DenseNet + Inception,~/Alzheimers/Results/ArchSweep/DenseNet201/6cc31bb89f | ~/Alzheimers/Results/ArchSweep/InceptionV3/f7f1f63a2a,2,0.5918686473807663,0.6575,0.603125,0.6174978824602554,0.5918686473807663,0.028656627206980544
~/Alzheimers/Results/ArchSweep/InceptionV3/753305689a||~/Alzheimers/Results/ArchSweep/MobileNetV2/17b0b4e0be,InceptionV3 + MobileNetV2,Inception + MobileNetV2,~/Alzheimers/Results/ArchSweep/InceptionV3/753305689a | ~/Alzheimers/Results/ArchSweep/MobileNetV2/17b0b4e0be,2,0.5699765441751369,0.6583333333333333,0.66875,0.6323532925028233,0.5699765441751369,0.04431155443796247
~/Alzheimers/Results/ArchSweep/InceptionV3/f7f1f63a2a||~/Alzheimers/Results/ArchSweep/MobileNetV3_L/ee52aec0ed,InceptionV3 + MobileNetV3_L,Inception + MobileNetV3,~/Alzheimers/Results/ArchSweep/InceptionV3/f7f1f63a2a | ~/Alzheimers/Results/ArchSweep/MobileNetV3_L/ee52aec0ed,2,0.6755277560594214,0.5675,0.7375,0.6601759186864739,0.5675,0.07024603990282573
~/Alzheimers/Results/ArchSweep/InceptionV3/f7f1f63a2a||~/Alzheimers/Results/ArchSweep/MobileNetV2/cde8b1c120,InceptionV3 + MobileNetV2,Inception + MobileNetV2,~/Alzheimers/Results/ArchSweep/InceptionV3/f7f1f63a2a | ~/Alzheimers/Results/ArchSweep/MobileNetV2/cde8b1c120,2,0.6598905394839718,0.5408333333333334,0.72578125,0.642168374272435,0.5408333333333334,0.07653752597984782
~/Alzheimers/Results/ArchSweep/EffNetB0/2be00a0fdf||~/Alzheimers/Results/ArchSweep/InceptionV3/753305689a,InceptionV3 + EffNetB0,Inception + EffNet,~/Alzheimers/Results/ArchSweep/InceptionV3/753305689a | ~/Alzheimers/Results/ArchSweep/EffNetB0/2be00a0fdf,2,0.5394839718530101,0.505,0.56484375,0.5364425739510034,0.505,0.024525580922978803
~/Alzheimers/Results/ArchSweep/InceptionV3/18907e7972||~/Alzheimers/Results/ArchSweep/MobileNetV2/2931932146,InceptionV3 + MobileNetV2,Inception + MobileNetV2,~/Alzheimers/Results/ArchSweep/InceptionV3/18907e7972 | ~/Alzheimers/Results/ArchSweep/MobileNetV2/2931932146,2,0.965598123534011,0.4883333333333333,0.95234375,0.8020917356224482,0.4883333333333333,0.2219266708618086
~/Alzheimers/Results/ArchSweep/InceptionV3/f7f1f63a2a||~/Alzheimers/Results/ArchSweep/MobileNetV2/17b0b4e0be,InceptionV3 + MobileNetV2,Inception + MobileNetV2,~/Alzheimers/Results/ArchSweep/InceptionV3/f7f1f63a2a | ~/Alzheimers/Results/ArchSweep/MobileNetV2/17b0b4e0be,2,0.6465989053948398,0.4883333333333333,0.66875,0.601227412909391,0.4883333333333333,0.08033875217081575
~/Alzheimers/Results/ArchSweep/InceptionV3/753305689a||~/Alzheimers/Results/ArchSweep/MobileNetV3_L/996475d664,InceptionV3 + MobileNetV3_L,Inception + MobileNetV3,~/Alzheimers/Results/ArchSweep/InceptionV3/753305689a | ~/Alzheimers/Results/ArchSweep/MobileNetV3_L/996475d664,2,0.5738858483189992,0.4758333333333333,0.62109375,0.5569376438841108,0.4758333333333333,0.060501120583112536
~/Alzheimers/Results/ArchSweep/InceptionV3/753305689a||~/Alzheimers/Results/ArchSweep/MobileNetV2/2931932146,InceptionV3 + MobileNetV2,Inception + MobileNetV2,~/Alzheimers/Results/ArchSweep/InceptionV3/753305689a | ~/Alzheimers/Results/ArchSweep/MobileNetV2/2931932146,2,0.4745895230648944,0.5458333333333333,0.57734375,0.5325888687994093,0.4745895230648944,0.04298193162132648
~/Alzheimers/Results/ArchSweep/InceptionV3/f7f1f63a2a||~/Alzheimers/Results/ArchSweep/MobileNetV2/2931932146,InceptionV3 + MobileNetV2,Inception + MobileNetV2,~/Alzheimers/Results/ArchSweep/InceptionV3/f7f1f63a2a | ~/Alzheimers/Results/ArchSweep/MobileNetV2/2931932146,2,0.5770132916340891,0.4441666666666666,0.60390625,0.5416954027669186,0.4441666666666666,0.06983169565176975
~/Alzheimers/Results/ArchSweep/InceptionV3/753305689a||~/Alzheimers/Results/ArchSweep/MobileNetV3_L/928704d880,InceptionV3 + MobileNetV3_L,Inception + MobileNetV3,~/Alzheimers/Results/ArchSweep/InceptionV3/753305689a | ~/Alzheimers/Results/ArchSweep/MobileNetV3_L/928704d880,2,0.4996090695856137,0.4416666666666666,0.46484375,0.46870649541742676,0.4416666666666666,0.023812057388716477
~/Alzheimers/Results/ArchSweep/InceptionV3/f7f1f63a2a||~/Alzheimers/Results/ArchSweep/MobileNetV3_L/996475d664,InceptionV3 + MobileNetV3_L,Inception + MobileNetV3,~/Alzheimers/Results/ArchSweep/InceptionV3/f7f1f63a2a | ~/Alzheimers/Results/ArchSweep/MobileNetV3_L/996475d664,2,0.6481626270523847,0.4175,0.64609375,0.5705854590174616,0.4175,0.10825106122652918
~/Alzheimers/Results/ArchSweep/DenseNet201/6cc31bb89f||~/Alzheimers/Results/ArchSweep/InceptionV3/753305689a,DenseNet201 + InceptionV3,DenseNet + Inception,~/Alzheimers/Results/ArchSweep/DenseNet201/6cc31bb89f | ~/Alzheimers/Results/ArchSweep/InceptionV3/753305689a,2,0.4136043784206411,0.8866666666666667,0.51796875,0.6060799316957692,0.4136043784206411,0.20292801251512832
~/Alzheimers/Results/ArchSweep/EffNetB0/3ffb7bc9ec||~/Alzheimers/Results/ArchSweep/InceptionV3/753305689a,InceptionV3 + EffNetB0,Inception + EffNet,~/Alzheimers/Results/ArchSweep/InceptionV3/753305689a | ~/Alzheimers/Results/ArchSweep/EffNetB0/3ffb7bc9ec,2,0.5019546520719312,0.3858333333333333,0.4265625,0.43811682846842154,0.3858333333333333,0.048105211402819245
~/Alzheimers/Results/ArchSweep/InceptionV3/f7f1f63a2a||~/Alzheimers/Results/ArchSweep/MobileNetV3_L/928704d880,InceptionV3 + MobileNetV3_L,Inception + MobileNetV3,~/Alzheimers/Results/ArchSweep/InceptionV3/f7f1f63a2a | ~/Alzheimers/Results/ArchSweep/MobileNetV3_L/928704d880,2,0.5785770132916341,0.385,0.52578125,0.49645275443054465,0.385,0.08170326598124476
~/Alzheimers/Results/ArchSweep/DenseNet161/5e45b5ea33||~/Alzheimers/Results/ArchSweep/InceptionV3/f7f1f63a2a,DenseNet161 + InceptionV3,DenseNet + Inception,~/Alzheimers/Results/ArchSweep/DenseNet161/5e45b5ea33 | ~/Alzheimers/Results/ArchSweep/InceptionV3/f7f1f63a2a,2,0.382329945269742,0.3908333333333333,0.43046875,0.4012106762010251,0.382329945269742,0.02097781469330084
~/Alzheimers/Results/ArchSweep/InceptionV3/753305689a||~/Alzheimers/Results/ArchSweep/VGG16/438cb55e58,InceptionV3 + VGG16,Inception + VGG,~/Alzheimers/Results/ArchSweep/InceptionV3/753305689a | ~/Alzheimers/Results/ArchSweep/VGG16/438cb55e58,2,0.3541829554339327,0.4658333333333333,0.365625,0.395213762922422,0.3541829554339327,0.05015358338629597
~/Alzheimers/Results/ArchSweep/InceptionV3/f7f1f63a2a||~/Alzheimers/Results/ArchSweep/ResNeXt50_32x4d/7e84631050,InceptionV3 + ResNeXt50_32x4d,Inception + ResNeXt,~/Alzheimers/Results/ArchSweep/InceptionV3/f7f1f63a2a | ~/Alzheimers/Results/ArchSweep/ResNeXt50_32x4d/7e84631050,2,0.4761532447224394,0.3516666666666667,0.49140625,0.4397420537963687,0.3516666666666667,0.06258923712606655
~/Alzheimers/Results/ArchSweep/EffNetB0/2be00a0fdf||~/Alzheimers/Results/ArchSweep/InceptionV3/f7f1f63a2a,InceptionV3 + EffNetB0,Inception + EffNet,~/Alzheimers/Results/ArchSweep/InceptionV3/f7f1f63a2a | ~/Alzheimers/Results/ArchSweep/EffNetB0/2be00a0fdf,2,0.6356528537920251,0.3475,0.646875,0.5433426179306751,0.3475,0.13855740661024118
~/Alzheimers/Results/ArchSweep/DenseNet201/c831e5b896||~/Alzheimers/Results/ArchSweep/InceptionV3/f7f1f63a2a,DenseNet201 + InceptionV3,DenseNet + Inception,~/Alzheimers/Results/ArchSweep/DenseNet201/c831e5b896 | ~/Alzheimers/Results/ArchSweep/InceptionV3/f7f1f63a2a,2,0.4284597341673182,0.3333333333333333,0.41953125,0.3937747725002172,0.3333333333333333,0.042893706871790296
~/Alzheimers/Results/ArchSweep/InceptionV3/f7f1f63a2a||~/Alzheimers/Results/ArchSweep/ResNet101/7e613879ca,ResNet101 + InceptionV3,ResNet + Inception,~/Alzheimers/Results/ArchSweep/ResNet101/7e613879ca | ~/Alzheimers/Results/ArchSweep/InceptionV3/f7f1f63a2a,2,0.4652071931196247,0.32,0.48671875,0.4239753143732082,0.32,0.0740442942618809
~/Alzheimers/Results/ArchSweep/InceptionV3/f7f1f63a2a||~/Alzheimers/Results/ArchSweep/VGG16/438cb55e58,InceptionV3 + VGG16,Inception + VGG,~/Alzheimers/Results/ArchSweep/InceptionV3/f7f1f63a2a | ~/Alzheimers/Results/ArchSweep/VGG16/438cb55e58,2,0.5324472243940579,0.3183333333333333,0.52890625,0.45989560257579704,0.3183333333333333,0.10011007834619415
~/Alzheimers/Results/ArchSweep/InceptionV3/f7f1f63a2a||~/Alzheimers/Results/ArchSweep/VGG16/90df091f5f,InceptionV3 + VGG16,Inception + VGG,~/Alzheimers/Results/ArchSweep/InceptionV3/f7f1f63a2a | ~/Alzheimers/Results/ArchSweep/VGG16/90df091f5f,2,0.5050820953870211,0.3141666666666666,0.4828125,0.4340204206845626,0.3141666666666666,0.08523565562138943
~/Alzheimers/Results/ArchSweep/InceptionV3/753305689a||~/Alzheimers/Results/ArchSweep/VGG16/90df091f5f,InceptionV3 + VGG16,Inception + VGG,~/Alzheimers/Results/ArchSweep/InceptionV3/753305689a | ~/Alzheimers/Results/ArchSweep/VGG16/90df091f5f,2,0.2931978107896794,0.38,0.2984375,0.32387843692989315,0.2931978107896794,0.0397415480895345
~/Alzheimers/Results/ArchSweep/InceptionV3/f7f1f63a2a||~/Alzheimers/Results/ArchSweep/ResNeXt101_32x8d/3267f67289,InceptionV3 + ResNeXt101_32x8d,Inception + ResNeXt,~/Alzheimers/Results/ArchSweep/InceptionV3/f7f1f63a2a | ~/Alzheimers/Results/ArchSweep/ResNeXt101_32x8d/3267f67289,2,0.4511336982017201,0.2866666666666667,0.4171875,0.384995954956129,0.2866666666666667,0.07089698063491727
~/Alzheimers/Results/ArchSweep/InceptionV3/f7f1f63a2a||~/Alzheimers/Results/ArchSweep/ResNet50/bc9b7fdcd4,ResNet50 + InceptionV3,ResNet + Inception,~/Alzheimers/Results/ArchSweep/ResNet50/bc9b7fdcd4 | ~/Alzheimers/Results/ArchSweep/InceptionV3/f7f1f63a2a,2,0.434714620797498,0.2825,0.45078125,0.38933195693249933,0.2825,0.07582582853708544
~/Alzheimers/Results/ArchSweep/InceptionV3/753305689a||~/Alzheimers/Results/ArchSweep/ResNeXt101_32x8d/577e0db115,InceptionV3 + ResNeXt101_32x8d,Inception + ResNeXt,~/Alzheimers/Results/ArchSweep/InceptionV3/753305689a | ~/Alzheimers/Results/ArchSweep/ResNeXt101_32x8d/577e0db115,2,0.2759968725566849,0.3683333333333333,0.30390625,0.3160788186300061,0.2759968725566849,0.03866638563816153
~/Alzheimers/Results/ArchSweep/EffNetB0/3ffb7bc9ec||~/Alzheimers/Results/ArchSweep/InceptionV3/f7f1f63a2a,InceptionV3 + EffNetB0,Inception + EffNet,~/Alzheimers/Results/ArchSweep/InceptionV3/f7f1f63a2a | ~/Alzheimers/Results/ArchSweep/EffNetB0/3ffb7bc9ec,2,0.6035965598123534,0.2741666666666666,0.55078125,0.47618149215967337,0.2741666666666666,0.14446419747206385
~/Alzheimers/Results/ArchSweep/InceptionV3/753305689a||~/Alzheimers/Results/ArchSweep/ResNeXt50_32x4d/7e84631050,InceptionV3 + ResNeXt50_32x4d,Inception + ResNeXt,~/Alzheimers/Results/ArchSweep/InceptionV3/753305689a | ~/Alzheimers/Results/ArchSweep/ResNeXt50_32x4d/7e84631050,2,0.272869429241595,0.3658333333333333,0.3078125,0.3155050875249761,0.272869429241595,0.038340177300203344
~/Alzheimers/Results/ArchSweep/EffNetB0/47c212dcbf||~/Alzheimers/Results/ArchSweep/InceptionV3/753305689a,InceptionV3 + EffNetB0,Inception + EffNet,~/Alzheimers/Results/ArchSweep/InceptionV3/753305689a | ~/Alzheimers/Results/ArchSweep/EffNetB0/47c212dcbf,2,0.6223612197028929,0.27,0.67265625,0.5216724899009643,0.27,0.17913994370856168
~/Alzheimers/Results/ArchSweep/InceptionV3/f7f1f63a2a||~/Alzheimers/Results/ArchSweep/ResNeXt101_32x8d/577e0db115,InceptionV3 + ResNeXt101_32x8d,Inception + ResNeXt,~/Alzheimers/Results/ArchSweep/InceptionV3/f7f1f63a2a | ~/Alzheimers/Results/ArchSweep/ResNeXt101_32x8d/577e0db115,2,0.4831899921813917,0.27,0.4859375,0.4130424973937972,0.27,0.10115253908592439
~/Alzheimers/Results/ArchSweep/InceptionV3/753305689a||~/Alzheimers/Results/ArchSweep/ResNet101/7e613879ca,ResNet101 + InceptionV3,ResNet + Inception,~/Alzheimers/Results/ArchSweep/ResNet101/7e613879ca | ~/Alzheimers/Results/ArchSweep/InceptionV3/753305689a,2,0.2501954652071931,0.3975,0.290625,0.3127734884023977,0.2501954652071931,0.06214270215407263
~/Alzheimers/Results/ArchSweep/InceptionV3/f7f1f63a2a||~/Alzheimers/Results/ArchSweep/ResNet101/569dcf7f61,ResNet101 + InceptionV3,ResNet + Inception,~/Alzheimers/Results/ArchSweep/ResNet101/569dcf7f61 | ~/Alzheimers/Results/ArchSweep/InceptionV3/f7f1f63a2a,2,0.4401876465989054,0.2483333333333333,0.4375,0.37534032664407957,0.2483333333333333,0.08981420868822154
~/Alzheimers/Results/ArchSweep/InceptionV3/f7f1f63a2a||~/Alzheimers/Results/ArchSweep/VGG16/86e629fd03,InceptionV3 + VGG16,Inception + VGG,~/Alzheimers/Results/ArchSweep/InceptionV3/f7f1f63a2a | ~/Alzheimers/Results/ArchSweep/VGG16/86e629fd03,2,0.4480062548866302,0.2475,0.47734375,0.3909500016288767,0.2475,0.1021391187886251
~/Alzheimers/Results/ArchSweep/InceptionV3/753305689a||~/Alzheimers/Results/ArchSweep/VGG16/86e629fd03,InceptionV3 + VGG16,Inception + VGG,~/Alzheimers/Results/ArchSweep/InceptionV3/753305689a | ~/Alzheimers/Results/ArchSweep/VGG16/86e629fd03,2,0.2431587177482408,0.3075,0.2875,0.2793862392494136,0.2431587177482408,0.026886489613291566
~/Alzheimers/Results/ArchSweep/EffNetB0/47c212dcbf||~/Alzheimers/Results/ArchSweep/InceptionV3/f7f1f63a2a,InceptionV3 + EffNetB0,Inception + EffNet,~/Alzheimers/Results/ArchSweep/InceptionV3/f7f1f63a2a | ~/Alzheimers/Results/ArchSweep/EffNetB0/47c212dcbf,2,0.6591086786551994,0.2375,0.6828125,0.5264737262183998,0.2375,0.20456429897059517
~/Alzheimers/Results/ArchSweep/InceptionV3/753305689a||~/Alzheimers/Results/ArchSweep/ResNeXt101_32x8d/3267f67289,InceptionV3 + ResNeXt101_32x8d,Inception + ResNeXt,~/Alzheimers/Results/ArchSweep/InceptionV3/753305689a | ~/Alzheimers/Results/ArchSweep/ResNeXt101_32x8d/3267f67289,2,0.2447224394057857,0.3358333333333333,0.2328125,0.27112275757970633,0.2328125,0.04601489342185342
~/Alzheimers/Results/ArchSweep/InceptionV3/753305689a||~/Alzheimers/Results/ArchSweep/ResNet50/bc9b7fdcd4,ResNet50 + InceptionV3,ResNet + Inception,~/Alzheimers/Results/ArchSweep/ResNet50/bc9b7fdcd4 | ~/Alzheimers/Results/ArchSweep/InceptionV3/753305689a,2,0.2118842845973416,0.4458333333333333,0.24609375,0.30127045597689167,0.2118842845973416,0.10317102633641585
~/Alzheimers/Results/ArchSweep/DenseNet201/c831e5b896||~/Alzheimers/Results/ArchSweep/InceptionV3/753305689a,DenseNet201 + InceptionV3,DenseNet + Inception,~/Alzheimers/Results/ArchSweep/DenseNet201/c831e5b896 | ~/Alzheimers/Results/ArchSweep/InceptionV3/753305689a,2,0.2095387021110242,0.5041666666666667,0.22109375,0.3115997062592303,0.2095387021110242,0.13624709284567874
~/Alzheimers/Results/ArchSweep/DenseNet161/5e45b5ea33||~/Alzheimers/Results/ArchSweep/InceptionV3/753305689a,DenseNet161 + InceptionV3,DenseNet + Inception,~/Alzheimers/Results/ArchSweep/DenseNet161/5e45b5ea33 | ~/Alzheimers/Results/ArchSweep/InceptionV3/753305689a,2,0.1946833463643471,0.5675,0.23828125,0.3334881987881157,0.1946833463643471,0.16642583259053417
~/Alzheimers/Results/ArchSweep/InceptionV3/753305689a||~/Alzheimers/Results/ArchSweep/ResNet101/569dcf7f61,ResNet101 + InceptionV3,ResNet + Inception,~/Alzheimers/Results/ArchSweep/ResNet101/569dcf7f61 | ~/Alzheimers/Results/ArchSweep/InceptionV3/753305689a,2,0.2197028928850664,0.1791666666666666,0.21484375,0.204571103183911,0.1791666666666666,0.018072850051267474
